0.048;0;0;0;0
0.058;0;0;-3;-300
0.068;-1;-100;-11;-800
0.078;-3;-200;-25;-1400
0.088;-5;-200;-43;-1800
0.101;-8;-300;-70;-2700
0.108;-10;-200;-88;-1800
0.118;-13;-300;-116;-2800
0.128;-16;-300;-146;-3000
0.138;-19;-300;-179;-3300
0.147;-23;-400;-210;-3100
0.158;-27;-400;-250;-4000
0.168;-31;-400;-289;-3900
0.178;-34;-300;-328;-3900
0.187;-38;-400;-365;-3700
0.198;-42;-400;-412;-4700
0.208;-46;-400;-455;-4300
0.218;-49;-300;-499;-4400
0.228;-53;-400;-544;-4500
0.238;-56;-300;-589;-4500
0.248;-59;-300;-632;-4300
0.257;-61;-200;-665;-3300
0.268;-62;-100;-699;-3400
0.278;-62;0;-727;-2800
0.288;-62;0;-751;-2400
0.298;-61;100;-771;-2000
0.308;-59;200;-790;-1900
0.318;-57;200;-807;-1700
0.328;-55;200;-822;-1500
0.338;-52;300;-835;-1300
0.348;-49;300;-847;-1200
0.358;-46;300;-859;-1200
0.368;-42;400;-869;-1000
0.378;-38;400;-878;-900
0.388;-34;400;-886;-800
0.397;-29;500;-892;-600
0.408;-24;500;-899;-700
0.418;-19;500;-904;-500
0.43;-13;600;-910;-600
0.438;-9;400;-913;-300
0.448;-3;600;-916;-300
0.458;2;500;-918;-200
0.468;8;600;-919;-100
0.478;13;500;-919;0
0.488;19;600;-919;0
0.497;24;500;-919;0
0.508;30;600;-919;0
0.518;35;500;-919;0
0.528;40;500;-919;0
0.538;45;500;-919;0
0.548;50;500;-919;0
0.558;55;500;-919;0
0.568;59;400;-919;0
0.578;63;400;-919;0
0.588;67;400;-919;0
0.598;70;300;-919;0
0.608;73;300;-919;0
0.618;76;300;-919;0
0.628;79;300;-919;0
0.637;81;200;-919;0
0.648;83;200;-919;0
0.658;84;100;-919;0
0.668;85;100;-919;0
0.678;86;100;-919;0
0.69;86;0;-919;0
0.698;86;0;-919;0
0.708;86;0;-919;0
0.718;85;-100;-919;0
0.728;84;-100;-919;0
0.738;83;-100;-919;0
0.748;81;-200;-919;0
0.758;79;-200;-919;0
0.768;76;-300;-919;0
0.778;74;-200;-919;0
0.788;71;-300;-919;0
0.798;67;-400;-919;0
0.808;64;-300;-919;0
0.818;60;-400;-919;0
0.828;56;-400;-919;0
0.838;51;-500;-919;0
0.848;47;-400;-919;0
0.858;42;-500;-919;0
0.868;37;-500;-919;0
0.878;32;-500;-919;0
0.888;27;-500;-919;0
0.898;21;-600;-919;0
0.908;16;-500;-919;0
0.918;10;-600;-919;0
0.928;5;-500;-919;0
0.938;-1;-600;-919;0
0.948;-6;-500;-919;0
0.958;-12;-600;-919;0
0.968;-17;-500;-919;0
0.978;-23;-600;-919;0
0.988;-28;-500;-919;0
0.998;-33;-500;-919;0
1.008;-38;-500;-919;0
1.017;-43;-500;-919;0
1.028;-48;-500;-919;0
1.038;-52;-400;-919;0
1.048;-56;-400;-919;0
1.057;-60;-400;-919;0
1.068;-64;-400;-919;0
1.078;-68;-400;-919;0
1.088;-71;-300;-919;0
1.098;-74;-300;-919;0
1.108;-76;-200;-919;0
1.118;-79;-300;-919;0
1.128;-80;-100;-919;0
1.138;-82;-200;-919;0
1.148;-83;-100;-919;0
1.158;-84;-100;-919;0
1.168;-85;-100;-919;0
1.178;-85;0;-919;0
1.188;-85;0;-919;0
1.2;-84;100;-919;0
1.208;-83;100;-919;0
1.22;-81;200;-919;0
1.228;-80;100;-919;0
1.238;-78;200;-919;0
1.248;-76;200;-919;0
1.258;-73;300;-919;0
1.268;-71;200;-919;0
1.278;-67;400;-919;0
1.288;-64;300;-919;0
1.298;-60;400;-919;0
1.308;-56;400;-919;0
1.318;-52;400;-919;0
1.328;-48;400;-919;0
1.338;-43;500;-919;0
1.348;-38;500;-919;0
1.358;-33;500;-919;0
1.368;-28;500;-919;0
1.378;-23;500;-919;0
1.387;-18;500;-919;0
1.398;-13;500;-919;0
1.408;-7;600;-919;0
1.418;-2;500;-919;0
1.428;3;500;-919;0
1.438;9;600;-919;0
1.448;14;500;-919;0
1.457;19;500;-919;0
1.468;25;600;-919;0
1.478;30;500;-919;0
1.488;35;500;-919;0
1.498;39;400;-919;0
1.507;44;500;-919;0
1.518;48;400;-919;0
1.528;53;500;-919;0
1.537;56;300;-919;0
1.548;60;400;-919;0
1.558;64;400;-919;0
1.568;67;300;-919;0
1.578;70;300;-919;0
1.587;72;200;-919;0
1.598;75;300;-919;0
1.611;77;200;-919;0
1.618;78;100;-919;0
1.627;79;100;-919;0
1.637;80;100;-919;0
1.647;81;100;-919;0
1.657;81;0;-919;0
1.667;81;0;-919;0
1.678;81;0;-919;0
1.69;80;-100;-919;0
1.698;79;-100;-919;0
1.708;78;-100;-919;0
1.718;76;-200;-919;0
1.728;74;-200;-919;0
1.738;71;-300;-919;0
1.748;69;-200;-919;0
1.758;66;-300;-919;0
1.768;63;-300;-919;0
1.778;59;-400;-919;0
1.788;55;-400;-919;0
1.798;51;-400;-919;0
1.808;47;-400;-919;0
1.818;43;-400;-919;0
1.828;38;-500;-919;0
1.838;33;-500;-919;0
1.848;29;-400;-919;0
1.858;24;-500;-919;0
1.867;19;-500;-919;0
1.878;13;-600;-919;0
1.888;8;-500;-919;0
1.898;3;-500;-919;0
1.907;-2;-500;-919;0
1.918;-8;-600;-919;0
1.928;-13;-500;-919;0
1.938;-18;-500;-919;0
1.948;-23;-500;-919;0
1.958;-28;-500;-919;0
1.967;-32;-400;-919;0
1.978;-37;-500;-919;0
1.988;-42;-500;-919;0
1.998;-46;-400;-919;0
2.008;-50;-400;-919;0
2.018;-54;-400;-919;0
2.028;-58;-400;-919;0
2.038;-61;-300;-919;0
2.047;-64;-300;-919;0
2.058;-68;-400;-919;0
2.068;-70;-200;-919;0
2.078;-72;-200;-919;0
2.088;-74;-200;-919;0
2.098;-76;-200;-919;0
2.108;-78;-200;-919;0
2.118;-79;-100;-919;0
2.128;-79;0;-919;0
2.138;-80;-100;-919;0
2.15;-80;0;-919;0
2.158;-80;0;-919;0
2.17;-79;100;-919;0
2.178;-78;100;-919;0
2.188;-77;100;-919;0
2.198;-75;200;-919;0
2.208;-73;200;-919;0
2.218;-71;200;-919;0
2.228;-68;300;-919;0
2.238;-66;200;-919;0
2.248;-63;300;-919;0
2.258;-59;400;-919;0
2.268;-56;300;-919;0
2.278;-52;400;-919;0
2.288;-48;400;-919;0
2.298;-44;400;-919;0
2.308;-39;500;-919;0
2.318;-35;400;-919;0
2.328;-30;500;-919;0
2.338;-25;500;-919;0
2.348;-20;500;-919;0
2.358;-15;500;-919;0
2.368;-10;500;-919;0
2.378;-5;500;-919;0
2.387;-1;400;-919;0
2.398;5;600;-919;0
2.408;10;500;-919;0
2.418;15;500;-919;0
2.428;20;500;-919;0
2.438;25;500;-919;0
2.448;29;400;-919;0
2.458;34;500;-919;0
2.468;38;400;-919;0
2.478;43;500;-919;0
2.488;47;400;-919;0
2.498;51;400;-919;0
2.508;54;300;-919;0
2.518;58;400;-919;0
2.528;61;300;-919;0
2.538;64;300;-919;0
2.548;66;200;-919;0
2.558;69;300;-919;0
2.568;71;200;-919;0
2.578;73;200;-919;0
2.588;74;100;-919;0
2.598;75;100;-919;0
2.608;76;100;-919;0
2.618;76;0;-919;0
2.63;76;0;-919;0
2.638;76;0;-919;0
2.65;76;0;-919;0
2.658;75;-100;-919;0
2.668;74;-100;-919;0
2.678;73;-100;-919;0
2.688;71;-200;-919;0
2.698;69;-200;-919;0
2.708;66;-300;-919;0
2.718;64;-200;-919;0
2.728;61;-300;-919;0
2.738;58;-300;-919;0
2.748;54;-400;-919;0
2.758;51;-300;-919;0
2.768;47;-400;-919;0
2.777;43;-400;-919;0
2.788;39;-400;-919;0
2.798;34;-500;-919;0
2.808;30;-400;-919;0
2.818;25;-500;-919;0
2.828;21;-400;-919;0
2.837;16;-500;-919;0
2.848;11;-500;-919;0
2.858;6;-500;-919;0
2.868;1;-500;-919;0
2.877;-3;-400;-919;0
2.888;-9;-600;-919;0
2.898;-13;-400;-919;0
2.908;-18;-500;-919;0
2.917;-23;-500;-919;0
2.928;-28;-500;-919;0
2.938;-32;-400;-919;0
2.948;-37;-500;-919;0
2.958;-41;-400;-919;0
2.968;-45;-400;-919;0
2.978;-49;-400;-919;0
2.988;-52;-300;-919;0
2.998;-56;-400;-919;0
3.008;-59;-300;-919;0
3.018;-62;-300;-919;0
3.028;-64;-200;-919;0
3.038;-67;-300;-919;0
3.047;-69;-200;-919;0
3.057;-70;-100;-919;0
3.068;-72;-200;-919;0
3.078;-73;-100;-919;0
3.088;-74;-100;-919;0
3.098;-75;-100;-919;0
3.11;-75;0;-919;0
3.118;-75;0;-919;0
3.128;-75;0;-919;0
3.14;-74;100;-919;0
3.148;-73;100;-919;0
3.158;-71;200;-919;0
3.17;-69;200;-919;0
3.178;-68;100;-919;0
3.188;-66;200;-919;0
3.198;-63;300;-919;0
3.21;-60;300;-919;0
3.218;-58;200;-919;0
3.228;-54;400;-919;0
3.237;-51;300;-919;0
3.248;-47;400;-919;0
3.258;-44;300;-919;0
3.268;-40;400;-919;0
3.277;-36;400;-919;0
3.288;-31;500;-919;0
3.298;-27;400;-919;0
3.308;-22;500;-919;0
3.318;-18;400;-919;0
3.328;-13;500;-919;0
3.338;-8;500;-919;0
3.348;-3;500;-919;0
3.358;1;400;-919;0
3.368;6;500;-919;0
3.378;11;500;-919;0
3.388;16;500;-919;0
3.398;20;400;-919;0
3.408;25;500;-919;0
3.418;29;400;-919;0
3.428;33;400;-919;0
3.438;37;400;-919;0
3.448;41;400;-919;0
3.458;45;400;-919;0
3.468;49;400;-919;0
3.478;52;300;-919;0
3.487;55;300;-919;0
3.498;58;300;-919;0
3.508;61;300;-919;0
3.518;63;200;-919;0
3.528;65;200;-919;0
3.538;67;200;-919;0
3.548;68;100;-919;0
3.558;70;200;-919;0
3.568;71;100;-919;0
3.577;71;0;-919;0
3.588;72;100;-919;0
3.6;72;0;-919;0
3.608;72;0;-919;0
3.62;71;-100;-919;0
3.628;70;-100;-919;0
3.638;69;-100;-919;0
3.648;67;-200;-919;0
3.658;66;-100;-919;0
3.668;64;-200;-919;0
3.678;61;-300;-919;0
3.688;59;-200;-919;0
3.698;56;-300;-919;0
3.707;53;-300;-919;0
3.718;50;-300;-919;0
3.728;46;-400;-919;0
3.738;43;-300;-919;0
3.747;39;-400;-919;0
3.758;35;-400;-919;0
3.768;31;-400;-919;0
3.778;26;-500;-919;0
3.788;22;-400;-919;0
3.798;18;-400;-919;0
3.808;13;-500;-919;0
3.817;9;-400;-919;0
3.828;4;-500;-919;0
3.838;-1;-500;-919;0
3.848;-5;-400;-919;0
3.858;-10;-500;-919;0
3.867;-14;-400;-919;0
3.878;-19;-500;-919;0
3.888;-23;-400;-919;0
3.898;-27;-400;-919;0
3.907;-31;-400;-919;0
3.918;-36;-500;-919;0
3.928;-40;-400;-919;0
3.938;-43;-300;-919;0
3.948;-47;-400;-919;0
3.957;-50;-300;-919;0
3.968;-53;-300;-919;0
3.978;-56;-300;-919;0
3.988;-59;-300;-919;0
3.998;-61;-200;-919;0
4.008;-63;-200;-919;0
4.017;-65;-200;-919;0
4.028;-67;-200;-919;0
4.038;-68;-100;-919;0
4.048;-69;-100;-919;0
4.058;-69;0;-919;0
4.068;-70;-100;-919;0
4.078;-70;0;-919;0
4.088;-70;0;-919;0
4.098;-69;100;-919;0
4.108;-69;0;-919;0
4.117;-68;100;-919;0
4.128;-66;200;-919;0
4.138;-65;100;-919;0
4.148;-63;200;-919;0
4.158;-61;200;-919;0
4.168;-58;300;-919;0
4.178;-56;200;-919;0
4.188;-53;300;-919;0
4.198;-50;300;-919;0
4.208;-47;300;-919;0
4.218;-43;400;-919;0
4.228;-39;400;-919;0
4.237;-36;300;-919;0
4.248;-32;400;-919;0
4.258;-28;400;-919;0
4.268;-23;500;-919;0
4.278;-19;400;-919;0
4.288;-15;400;-919;0
4.298;-10;500;-919;0
4.308;-6;400;-919;0
4.318;-1;500;-919;0
4.328;3;400;-919;0
4.338;7;400;-919;0
4.348;12;500;-919;0
4.358;16;400;-919;0
4.368;20;400;-919;0
4.378;25;500;-919;0
4.388;29;400;-919;0
4.398;33;400;-919;0
4.408;36;300;-919;0
4.418;40;400;-919;0
4.428;43;300;-919;0
4.438;47;400;-919;0
4.448;50;300;-919;0
4.458;53;300;-919;0
4.468;55;200;-919;0
4.478;57;200;-919;0
4.488;60;300;-919;0
4.498;61;100;-919;0
4.508;63;200;-919;0
4.518;64;100;-919;0
4.528;65;100;-919;0
4.54;66;100;-919;0
4.548;67;100;-919;0
4.56;67;0;-919;0
4.568;67;0;-919;0
4.578;67;0;-919;0
4.59;66;-100;-919;0
4.598;65;-100;-919;0
4.608;64;-100;-919;0
4.618;62;-200;-919;0
4.628;60;-200;-919;0
4.644;57;-300;-919;0
4.648;56;-100;-919;0
4.658;54;-200;-919;0
4.668;51;-300;-919;0
4.678;48;-300;-919;0
4.688;45;-300;-919;0
4.698;42;-300;-919;0
4.708;38;-400;-919;0
4.718;35;-300;-919;0
4.728;31;-400;-919;0
4.738;27;-400;-919;0
4.748;23;-400;-919;0
4.758;19;-400;-919;0
4.768;15;-400;-919;0
4.778;11;-400;-919;0
4.788;6;-500;-919;0
4.798;2;-400;-919;0
4.808;-2;-400;-919;0
4.818;-7;-500;-919;0
4.828;-11;-400;-919;0
4.838;-15;-400;-919;0
4.848;-19;-400;-919;0
4.858;-23;-400;-919;0
4.868;-27;-400;-919;0
4.878;-31;-400;-919;0
4.888;-35;-400;-919;0
4.898;-38;-300;-919;0
4.908;-42;-400;-919;0
4.918;-45;-300;-919;0
4.927;-48;-300;-919;0
4.938;-51;-300;-919;0
4.948;-53;-200;-919;0
4.958;-56;-300;-919;0
4.969;-58;-200;-919;0
4.978;-60;-200;-919;0
4.992;-62;-200;-919;0
4.998;-62;0;-919;0
5.008;-64;-200;-919;0
5.018;-64;0;-919;0
5.03;-65;-100;-919;0
5.038;-65;0;-919;0
5.048;-65;0;-919;0
5.06;-65;0;-919;0
5.068;-65;0;-919;0
5.08;-63;200;-919;0
5.097;-61;200;-919;0
5.099;-61;0;-919;0
5.116;-58;300;-919;0
5.118;-58;0;-919;0
5.128;-56;200;-919;0
5.138;-53;300;-919;0
5.148;-51;200;-919;0
5.158;-48;300;-919;0
5.168;-45;300;-919;0
5.178;-42;300;-919;0
5.188;-39;300;-919;0
5.198;-35;400;-919;0
5.207;-32;300;-919;0
5.218;-28;400;-919;0
5.228;-24;400;-919;0
5.238;-20;400;-919;0
5.248;-16;400;-919;0
5.258;-12;400;-919;0
5.268;-8;400;-919;0
5.278;-4;400;-919;0
5.288;0;400;-919;0
5.298;4;400;-919;0
5.308;8;400;-919;0
5.318;13;500;-919;0
5.328;17;400;-919;0
5.338;20;300;-919;0
5.348;24;400;-919;0
5.357;28;400;-919;0
5.368;32;400;-919;0
5.378;35;300;-919;0
5.388;38;300;-919;0
5.398;42;400;-919;0
5.408;45;300;-919;0
5.418;47;200;-919;0
5.428;50;300;-919;0
5.438;52;200;-919;0
5.448;54;200;-919;0
5.458;56;200;-919;0
5.468;58;200;-919;0
5.478;59;100;-919;0
5.488;60;100;-919;0
5.5;61;100;-919;0
5.508;62;100;-919;0
5.518;62;0;-919;0
5.53;62;0;-919;0
5.538;62;0;-919;0
5.55;61;-100;-919;0
5.558;61;0;-919;0
5.568;60;-100;-919;0
5.578;59;-100;-919;0
5.588;57;-200;-919;0
5.599;55;-200;-919;0
5.608;54;-100;-919;0
5.618;51;-300;-919;0
5.628;49;-200;-919;0
5.638;46;-300;-919;0
5.648;44;-200;-919;0
5.658;41;-300;-919;0
5.668;38;-300;-919;0
5.678;34;-400;-919;0
5.688;31;-300;-919;0
5.698;27;-400;-919;0
5.708;24;-300;-919;0
5.718;20;-400;-919;0
5.728;16;-400;-919;0
5.738;12;-400;-919;0
5.748;8;-400;-919;0
5.758;4;-400;-919;0
5.767;1;-300;-919;0
5.778;-4;-500;-919;0
5.788;-8;-400;-919;0
5.798;-12;-400;-919;0
5.808;-16;-400;-919;0
5.818;-19;-300;-919;0
5.828;-23;-400;-919;0
5.838;-27;-400;-919;0
5.848;-30;-300;-919;0
5.858;-34;-400;-919;0
5.868;-37;-300;-919;0
5.878;-40;-300;-919;0
5.887;-42;-200;-919;0
5.898;-45;-300;-919;0
5.908;-48;-300;-919;0
5.918;-50;-200;-919;0
5.928;-52;-200;-919;0
5.938;-54;-200;-919;0
5.948;-56;-200;-919;0
5.958;-57;-100;-919;0
5.98;-60;-300;-919;0
5.99;-60;0;-919;0
5.991;-60;0;-919;0
6;-60;0;-919;0
6.008;-61;-100;-919;0
6.02;-61;0;-919;0
6.028;-60;100;-919;0
6.04;-59;100;-919;0
6.05;-58;100;-919;0
6.058;-58;0;-919;0
6.068;-56;200;-919;0
6.077;-55;100;-919;0
6.088;-53;200;-919;0
6.098;-51;200;-919;0
6.108;-49;200;-919;0
6.118;-46;300;-919;0
6.128;-44;200;-919;0
6.138;-41;300;-919;0
6.148;-38;300;-919;0
6.158;-35;300;-919;0
6.168;-31;400;-919;0
6.178;-28;300;-919;0
6.188;-25;300;-919;0
6.198;-21;400;-919;0
6.208;-17;400;-919;0
6.218;-14;300;-919;0
6.228;-10;400;-919;0
6.237;-6;400;-919;0
6.248;-2;400;-919;0
6.258;2;400;-919;0
6.268;6;400;-919;0
6.277;9;300;-919;0
6.288;13;400;-919;0
6.298;17;400;-919;0
6.308;20;300;-919;0
6.318;24;400;-919;0
6.328;27;300;-919;0
6.338;31;400;-919;0
6.348;34;300;-919;0
6.358;37;300;-919;0
6.367;39;200;-919;0
6.378;42;300;-919;0
6.388;45;300;-919;0
6.398;47;200;-919;0
6.408;49;200;-919;0
6.417;51;200;-919;0
6.428;53;200;-919;0
6.438;54;100;-919;0
6.448;55;100;-919;0
6.458;56;100;-919;0
6.468;57;100;-919;0
6.478;57;0;-919;0
6.49;57;0;-919;0
6.498;57;0;-919;0
6.51;57;0;-919;0
6.518;57;0;-919;0
6.53;56;-100;-919;0
6.538;55;-100;-919;0
6.548;54;-100;-919;0
6.557;52;-200;-919;0
6.568;51;-100;-919;0
6.577;49;-200;-919;0
6.588;47;-200;-919;0
6.598;44;-300;-919;0
6.608;42;-200;-919;0
6.618;39;-300;-919;0
6.628;36;-300;-919;0
6.638;33;-300;-919;0
6.648;30;-300;-919;0
6.658;27;-300;-919;0
6.668;24;-300;-919;0
6.678;20;-400;-919;0
6.688;17;-300;-919;0
6.698;13;-400;-919;0
6.708;10;-300;-919;0
6.718;6;-400;-919;0
6.728;2;-400;-919;0
6.738;-1;-300;-919;0
6.748;-5;-400;-919;0
6.758;-9;-400;-919;0
6.768;-12;-300;-919;0
6.777;-15;-300;-919;0
6.788;-19;-400;-919;0
6.798;-23;-400;-919;0
6.808;-26;-300;-919;0
6.817;-29;-300;-919;0
6.828;-32;-300;-919;0
6.838;-35;-300;-919;0
6.847;-38;-300;-919;0
6.858;-41;-300;-919;0
6.868;-43;-200;-919;0
6.878;-45;-200;-919;0
6.888;-47;-200;-919;0
6.898;-49;-200;-919;0
6.908;-51;-200;-919;0
6.917;-52;-100;-919;0
6.928;-53;-100;-919;0
6.938;-54;-100;-919;0
6.948;-55;-100;-919;0
6.958;-56;-100;-919;0
6.97;-56;0;-919;0
6.978;-56;0;-919;0
6.988;-56;0;-919;0
7;-55;100;-919;0
7.008;-55;0;-919;0
7.018;-54;100;-919;0
7.028;-53;100;-919;0
7.038;-51;200;-919;0
7.048;-50;100;-919;0
7.058;-48;200;-919;0
7.068;-46;200;-919;0
7.078;-44;200;-919;0
7.088;-42;200;-919;0
7.098;-39;300;-919;0
7.108;-36;300;-919;0
7.118;-34;200;-919;0
7.128;-31;300;-919;0
7.138;-28;300;-919;0
7.148;-25;300;-919;0
7.158;-21;400;-919;0
7.168;-18;300;-919;0
7.178;-15;300;-919;0
7.188;-11;400;-919;0
7.198;-8;300;-919;0
7.208;-4;400;-919;0
7.218;0;400;-919;0
7.228;3;300;-919;0
7.238;7;400;-919;0
7.248;10;300;-919;0
7.258;13;300;-919;0
7.268;17;400;-919;0
7.278;20;300;-919;0
7.288;23;300;-919;0
7.298;26;300;-919;0
7.308;29;300;-919;0
7.318;32;300;-919;0
7.328;35;300;-919;0
7.338;37;200;-919;0
7.348;40;300;-919;0
7.358;42;200;-919;0
7.368;44;200;-919;0
7.377;46;200;-919;0
7.387;47;100;-919;0
7.398;49;200;-919;0
7.408;50;100;-919;0
7.418;51;100;-919;0
7.428;52;100;-919;0
7.438;52;0;-919;0
7.448;53;100;-919;0
7.457;53;0;-919;0
7.468;53;0;-919;0
7.48;52;-100;-919;0
7.49;52;0;-919;0
7.498;51;-100;-919;0
7.508;50;-100;-919;0
7.518;49;-100;-919;0
7.528;47;-200;-919;0
7.538;46;-100;-919;0
7.548;44;-200;-919;0
7.557;42;-200;-919;0
7.568;40;-200;-919;0
7.578;37;-300;-919;0
7.588;35;-200;-919;0
7.598;32;-300;-919;0
7.608;30;-200;-919;0
7.618;27;-300;-919;0
7.628;24;-300;-919;0
7.638;21;-300;-919;0
7.648;17;-400;-919;0
7.658;14;-300;-919;0
7.668;11;-300;-919;0
7.678;7;-400;-919;0
7.688;4;-300;-919;0
7.698;1;-300;-919;0
7.708;-3;-400;-919;0
7.718;-6;-300;-919;0
7.728;-9;-300;-919;0
7.738;-13;-400;-919;0
7.748;-16;-300;-919;0
7.758;-19;-300;-919;0
7.768;-22;-300;-919;0
7.778;-25;-300;-919;0
7.788;-28;-300;-919;0
7.798;-31;-300;-919;0
7.808;-33;-200;-919;0
7.818;-36;-300;-919;0
7.828;-38;-200;-919;0
7.838;-40;-200;-919;0
7.848;-42;-200;-919;0
7.858;-44;-200;-919;0
7.868;-46;-200;-919;0
7.878;-47;-100;-919;0
7.888;-48;-100;-919;0
7.898;-49;-100;-919;0
7.91;-50;-100;-919;0
7.918;-51;-100;-919;0
7.928;-51;0;-919;0
7.94;-51;0;-919;0
7.948;-51;0;-919;0
7.96;-51;0;-919;0
7.968;-51;0;-919;0
7.98;-50;100;-919;0
7.988;-49;100;-919;0
8;-47;200;-919;0
8.008;-46;100;-919;0
8.018;-45;100;-919;0
8.028;-43;200;-919;0
8.037;-41;200;-919;0
8.047;-40;100;-919;0
8.058;-37;300;-919;0
8.068;-35;200;-919;0
8.078;-32;300;-919;0
8.088;-30;200;-919;0
8.097;-27;300;-919;0
8.108;-24;300;-919;0
8.118;-21;300;-919;0
8.128;-18;300;-919;0
8.138;-15;300;-919;0
8.147;-12;300;-919;0
8.158;-9;300;-919;0
8.168;-6;300;-919;0
8.178;-2;400;-919;0
8.188;1;300;-919;0
8.197;4;300;-919;0
8.208;7;300;-919;0
8.218;11;400;-919;0
8.228;14;300;-919;0
8.238;17;300;-919;0
8.248;20;300;-919;0
8.258;23;300;-919;0
8.268;25;200;-919;0
8.278;28;300;-919;0
8.288;31;300;-919;0
8.298;33;200;-919;0
8.308;35;200;-919;0
8.318;37;200;-919;0
8.328;39;200;-919;0
8.338;41;200;-919;0
8.348;43;200;-919;0
8.358;44;100;-919;0
8.368;45;100;-919;0
8.378;46;100;-919;0
8.388;47;100;-919;0
8.4;48;100;-919;0
8.408;48;0;-919;0
8.418;48;0;-919;0
8.428;48;0;-919;0
8.438;48;0;-919;0
8.448;48;0;-919;0
8.458;47;-100;-919;0
8.468;46;-100;-919;0
8.478;45;-100;-919;0
8.488;44;-100;-919;0
8.498;43;-100;-919;0
8.508;41;-200;-919;0
8.518;39;-200;-919;0
8.528;37;-200;-919;0
8.538;35;-200;-919;0
8.548;33;-200;-919;0
8.558;31;-200;-919;0
8.567;29;-200;-919;0
8.578;26;-300;-919;0
8.588;23;-300;-919;0
8.598;20;-300;-919;0
8.608;17;-300;-919;0
8.618;15;-200;-919;0
8.628;12;-300;-919;0
8.638;8;-400;-919;0
8.648;5;-300;-919;0
8.658;2;-300;-919;0
8.668;-1;-300;-919;0
8.678;-4;-300;-919;0
8.687;-7;-300;-919;0
8.698;-10;-300;-919;0
8.708;-13;-300;-919;0
8.718;-16;-300;-919;0
8.728;-19;-300;-919;0
8.738;-21;-200;-919;0
8.748;-24;-300;-919;0
8.758;-27;-300;-919;0
8.768;-29;-200;-919;0
8.777;-31;-200;-919;0
8.788;-34;-300;-919;0
8.798;-36;-200;-919;0
8.808;-38;-200;-919;0
8.818;-39;-100;-919;0
8.828;-41;-200;-919;0
8.838;-42;-100;-919;0
8.848;-43;-100;-919;0
8.87;-45;-200;-919;0
8.871;-45;0;-919;0
8.878;-46;-100;-919;0
8.888;-46;0;-919;0
8.9;-47;-100;-919;0
8.908;-47;0;-919;0
8.918;-47;0;-919;0
8.93;-46;100;-919;0
8.938;-46;0;-919;0
8.948;-45;100;-919;0
8.958;-44;100;-919;0
8.968;-43;100;-919;0
8.978;-42;100;-919;0
8.988;-40;200;-919;0
8.998;-39;100;-919;0
9.008;-37;200;-919;0
9.018;-35;200;-919;0
9.028;-33;200;-919;0
9.038;-31;200;-919;0
9.048;-28;300;-919;0
9.058;-26;200;-919;0
9.068;-23;300;-919;0
9.078;-21;200;-919;0
9.088;-18;300;-919;0
9.097;-16;200;-919;0
9.108;-13;300;-919;0
9.118;-10;300;-919;0
9.127;-7;300;-919;0
9.138;-4;300;-919;0
9.148;-1;300;-919;0
9.157;2;300;-919;0
9.168;5;300;-919;0
9.178;8;300;-919;0
9.187;11;300;-919;0
9.198;14;300;-919;0
9.208;16;200;-919;0
9.217;19;300;-919;0
9.228;22;300;-919;0
9.237;24;200;-919;0
9.248;26;200;-919;0
9.258;29;300;-919;0
9.268;31;200;-919;0
9.278;33;200;-919;0
9.288;35;200;-919;0
9.298;36;100;-919;0
9.308;38;200;-919;0
9.318;39;100;-919;0
9.328;40;100;-919;0
9.338;41;100;-919;0
9.348;42;100;-919;0
9.358;43;100;-919;0
9.37;43;0;-919;0
9.378;43;0;-919;0
9.39;44;100;-919;0
9.398;44;0;-919;0
9.41;43;-100;-919;0
9.418;43;0;-919;0
9.428;42;-100;-919;0
9.438;41;-100;-919;0
9.448;40;-100;-919;0
9.458;39;-100;-919;0
9.468;38;-100;-919;0
9.478;36;-200;-919;0
9.49;34;-200;-919;0
9.498;33;-100;-919;0
9.508;31;-200;-919;0
9.518;29;-200;-919;0
9.528;27;-200;-919;0
9.538;25;-200;-919;0
9.548;22;-300;-919;0
9.558;20;-200;-919;0
9.568;17;-300;-919;0
9.578;15;-200;-919;0
9.588;12;-300;-919;0
9.598;9;-300;-919;0
9.608;6;-300;-919;0
9.618;4;-200;-919;0
9.628;1;-300;-919;0
9.638;-2;-300;-919;0
9.649;-5;-300;-919;0
9.658;-8;-300;-919;0
9.668;-10;-200;-919;0
9.677;-13;-300;-919;0
9.688;-16;-300;-919;0
9.698;-18;-200;-919;0
9.707;-20;-200;-919;0
9.718;-23;-300;-919;0
9.728;-25;-200;-919;0
9.74;-28;-300;-919;0
9.748;-29;-100;-919;0
9.758;-31;-200;-919;0
9.768;-33;-200;-919;0
9.778;-35;-200;-919;0
9.788;-36;-100;-919;0
9.798;-37;-100;-919;0
9.808;-39;-200;-919;0
9.82;-40;-100;-919;0
9.828;-40;0;-919;0
9.838;-41;-100;-919;0
9.848;-42;-100;-919;0
9.858;-42;0;-919;0
9.87;-42;0;-919;0
9.878;-42;0;-919;0
9.888;-42;0;-919;0
9.898;-41;100;-919;0
9.908;-41;0;-919;0
9.918;-40;100;-919;0
9.928;-39;100;-919;0
9.938;-38;100;-919;0
9.948;-37;100;-919;0
9.958;-36;100;-919;0
9.968;-34;200;-919;0
9.978;-32;200;-919;0
9.988;-31;100;-919;0
9.998;-29;200;-919;0
10.008;-27;200;-919;0
10.018;-25;200;-919;0
10.027;-23;200;-919;0
10.038;-20;300;-919;0
10.048;-18;200;-919;0
10.058;-15;300;-919;0
10.068;-13;200;-919;0
10.078;-10;300;-919;0
10.088;-7;300;-919;0
10.098;-5;200;-919;0
10.108;-2;300;-919;0
10.118;0;200;-919;0
10.128;3;300;-919;0
10.138;6;300;-919;0
10.148;8;200;-919;0
10.158;11;300;-919;0
10.168;13;200;-919;0
10.178;16;300;-919;0
10.187;18;200;-919;0
10.198;20;200;-919;0
10.208;23;300;-919;0
10.218;25;200;-919;0
10.228;27;200;-919;0
10.238;28;100;-919;0
10.248;30;200;-919;0
10.258;32;200;-919;0
10.268;33;100;-919;0
10.31;37;400;-919;0
10.311;38;100;-919;0
10.313;38;0;-919;0
10.314;38;0;-919;0
10.318;38;0;-919;0
10.34;39;100;-919;0
10.341;39;0;-919;0
10.35;39;0;-919;0
10.358;39;0;-919;0
10.37;39;0;-919;0
10.378;39;0;-919;0
10.39;38;-100;-919;0
10.398;37;-100;-919;0
10.408;37;0;-919;0
10.437;33;-400;-919;0
10.438;33;0;-919;0
10.439;33;0;-919;0
10.448;32;-100;-919;0
10.458;30;-200;-919;0
10.468;29;-100;-919;0
10.478;27;-200;-919;0
10.488;25;-200;-919;0
10.498;23;-200;-919;0
10.507;21;-200;-919;0
10.518;19;-200;-919;0
10.528;16;-300;-919;0
10.538;14;-200;-919;0
10.548;12;-200;-919;0
10.558;9;-300;-919;0
10.568;7;-200;-919;0
10.578;4;-300;-919;0
10.588;2;-200;-919;0
10.598;0;-200;-919;0
10.608;-3;-300;-919;0
10.617;-5;-200;-919;0
10.628;-8;-300;-919;0
10.638;-10;-200;-919;0
10.648;-13;-300;-919;0
10.658;-15;-200;-919;0
10.668;-17;-200;-919;0
10.678;-19;-200;-919;0
10.688;-21;-200;-919;0
10.698;-23;-200;-919;0
10.708;-25;-200;-919;0
10.718;-27;-200;-919;0
10.728;-29;-200;-919;0
10.737;-30;-100;-919;0
10.748;-32;-200;-919;0
10.758;-33;-100;-919;0
10.767;-34;-100;-919;0
10.778;-35;-100;-919;0
10.788;-36;-100;-919;0
10.798;-36;0;-919;0
10.807;-37;-100;-919;0
10.818;-37;0;-919;0
10.83;-37;0;-919;0
10.838;-37;0;-919;0
10.85;-37;0;-919;0
10.858;-37;0;-919;0
10.868;-37;0;-919;0
10.878;-36;100;-919;0
10.888;-35;100;-919;0
10.9;-34;100;-919;0
10.908;-33;100;-919;0
10.917;-32;100;-919;0
10.928;-31;100;-919;0
10.938;-29;200;-919;0
10.948;-28;100;-919;0
10.957;-27;100;-919;0
10.968;-25;200;-919;0
10.977;-23;200;-919;0
10.988;-21;200;-919;0
10.998;-19;200;-919;0
11.008;-17;200;-919;0
11.018;-15;200;-919;0
11.028;-12;300;-919;0
11.037;-10;200;-919;0
11.048;-8;200;-919;0
11.057;-6;200;-919;0
11.068;-3;300;-919;0
11.078;-1;200;-919;0
11.088;1;200;-919;0
11.098;4;300;-919;0
11.108;6;200;-919;0
11.117;8;200;-919;0
11.128;11;300;-919;0
11.137;13;200;-919;0
11.148;15;200;-919;0
11.158;17;200;-919;0
11.168;19;200;-919;0
11.178;21;200;-919;0
11.188;23;200;-919;0
11.198;24;100;-919;0
11.208;26;200;-919;0
11.218;27;100;-919;0
11.228;29;200;-919;0
11.237;30;100;-919;0
11.248;31;100;-919;0
11.258;32;100;-919;0
11.268;33;100;-919;0
11.278;33;0;-919;0
11.288;34;100;-919;0
11.298;34;0;-919;0
11.31;34;0;-919;0
11.318;34;0;-919;0
11.33;34;0;-919;0
11.338;34;0;-919;0
11.348;34;0;-919;0
11.358;33;-100;-919;0
11.38;32;-100;-919;0
11.381;31;-100;-919;0
11.388;31;0;-919;0
11.4;30;-100;-919;0
11.408;29;-100;-919;0
11.418;27;-200;-919;0
11.428;26;-100;-919;0
11.438;24;-200;-919;0
11.447;23;-100;-919;0
11.458;21;-200;-919;0
11.468;19;-200;-919;0
11.478;17;-200;-919;0
11.487;16;-100;-919;0
11.498;13;-300;-919;0
11.508;11;-200;-919;0
11.518;9;-200;-919;0
11.528;7;-200;-919;0
11.538;5;-200;-919;0
11.548;3;-200;-919;0
11.558;1;-200;-919;0
11.568;-2;-300;-919;0
11.578;-4;-200;-919;0
11.588;-6;-200;-919;0
11.598;-8;-200;-919;0
11.608;-10;-200;-919;0
11.618;-12;-200;-919;0
11.628;-14;-200;-919;0
11.638;-16;-200;-919;0
11.648;-18;-200;-919;0
11.658;-20;-200;-919;0
11.668;-21;-100;-919;0
11.678;-23;-200;-919;0
11.688;-24;-100;-919;0
11.698;-26;-200;-919;0
11.708;-27;-100;-919;0
11.718;-28;-100;-919;0
11.728;-29;-100;-919;0
11.74;-30;-100;-919;0
11.748;-31;-100;-919;0
11.758;-32;-100;-919;0
11.77;-32;0;-919;0
11.778;-32;0;-919;0
11.79;-33;-100;-919;0
11.798;-33;0;-919;0
11.81;-33;0;-919;0
11.818;-33;0;-919;0
11.83;-32;100;-919;0
11.838;-32;0;-919;0
11.848;-31;100;-919;0
11.86;-30;100;-919;0
11.868;-30;0;-919;0
11.878;-29;100;-919;0
11.888;-28;100;-919;0
11.898;-26;200;-919;0
11.908;-25;100;-919;0
11.918;-24;100;-919;0
11.928;-22;200;-919;0
11.938;-21;100;-919;0
11.948;-19;200;-919;0
11.958;-17;200;-919;0
11.968;-16;100;-919;0
11.978;-14;200;-919;0
11.988;-12;200;-919;0
11.998;-10;200;-919;0
12.008;-8;200;-919;0
12.018;-6;200;-919;0
12.028;-4;200;-919;0
12.038;-2;200;-919;0
12.048;0;200;-919;0
12.058;2;200;-919;0
12.068;4;200;-919;0
12.078;6;200;-919;0
12.088;8;200;-919;0
12.098;10;200;-919;0
12.108;12;200;-919;0
12.118;14;200;-919;0
12.129;16;200;-919;0
12.137;17;100;-919;0
12.148;19;200;-919;0
12.158;20;100;-919;0
12.167;22;200;-919;0
12.178;23;100;-919;0
12.188;24;100;-919;0
12.2;25;100;-919;0
12.208;26;100;-919;0
12.218;27;100;-919;0
12.228;28;100;-919;0
12.24;29;100;-919;0
12.248;29;0;-919;0
12.26;29;0;-919;0
12.268;30;100;-919;0
12.28;30;0;-919;0
12.288;30;0;-919;0
12.3;30;0;-919;0
12.308;29;-100;-919;0
12.318;29;0;-919;0
12.33;28;-100;-919;0
12.338;28;0;-919;0
12.348;27;-100;-919;0
12.358;26;-100;-919;0
12.368;25;-100;-919;0
12.378;24;-100;-919;0
12.388;23;-100;-919;0
12.398;22;-100;-919;0
12.408;20;-200;-919;0
12.42;18;-200;-919;0
12.428;17;-100;-919;0
12.438;16;-100;-919;0
12.448;14;-200;-919;0
12.458;12;-200;-919;0
12.468;11;-100;-919;0
12.478;9;-200;-919;0
12.488;7;-200;-919;0
12.498;5;-200;-919;0
12.508;3;-200;-919;0
12.518;1;-200;-919;0
12.528;-1;-200;-919;0
12.538;-2;-100;-919;0
12.547;-4;-200;-919;0
12.558;-6;-200;-919;0
12.567;-8;-200;-919;0
12.578;-10;-200;-919;0
12.588;-11;-100;-919;0
12.598;-13;-200;-919;0
12.607;-15;-200;-919;0
12.618;-16;-100;-919;0
12.628;-18;-200;-919;0
12.638;-19;-100;-919;0
12.648;-20;-100;-919;0
12.658;-22;-200;-919;0
12.668;-23;-100;-919;0
12.678;-24;-100;-919;0
12.688;-25;-100;-919;0
12.697;-25;0;-919;0
12.707;-26;-100;-919;0
12.718;-27;-100;-919;0
12.728;-27;0;-919;0
12.738;-28;-100;-919;0
12.747;-28;0;-919;0
12.757;-28;0;-919;0
12.767;-28;0;-919;0
12.777;-28;0;-919;0
12.787;-28;0;-919;0
12.797;-27;100;-919;0
12.807;-27;0;-919;0
12.818;-26;100;-919;0
12.827;-26;0;-919;0
12.838;-25;100;-919;0
12.848;-24;100;-919;0
12.858;-23;100;-919;0
12.868;-22;100;-919;0
12.878;-21;100;-919;0
12.888;-19;200;-919;0
12.897;-18;100;-919;0
12.908;-17;100;-919;0
12.918;-15;200;-919;0
12.928;-14;100;-919;0
12.938;-12;200;-919;0
12.95;-10;200;-919;0
12.958;-9;100;-919;0
12.968;-7;200;-919;0
12.978;-6;100;-919;0
12.988;-4;200;-919;0
12.998;-2;200;-919;0
13.008;-1;100;-919;0
13.021;2;300;-919;0
13.028;3;100;-919;0
13.038;5;200;-919;0
13.048;6;100;-919;0
13.058;8;200;-919;0
13.067;9;100;-919;0
13.078;11;200;-919;0
13.088;13;200;-919;0
13.098;14;100;-919;0
13.11;16;200;-919;0
13.118;17;100;-919;0
13.128;18;100;-919;0
13.138;19;100;-919;0
13.151;20;100;-919;0
13.158;21;100;-919;0
13.167;22;100;-919;0
13.177;23;100;-919;0
13.187;23;0;-919;0
13.198;24;100;-919;0
13.208;24;0;-919;0
13.218;25;100;-919;0
13.227;25;0;-919;0
13.238;25;0;-919;0
13.25;25;0;-919;0
13.258;25;0;-919;0
13.27;25;0;-919;0
13.278;24;-100;-919;0
13.29;24;0;-919;0
13.298;23;-100;-919;0
13.308;23;0;-919;0
13.318;22;-100;-919;0
13.328;21;-100;-919;0
13.338;20;-100;-919;0
13.347;19;-100;-919;0
13.357;18;-100;-919;0
13.368;17;-100;-919;0
13.378;16;-100;-919;0
13.388;15;-100;-919;0
13.398;13;-200;-919;0
13.408;12;-100;-919;0
13.42;10;-200;-919;0
13.428;9;-100;-919;0
13.438;8;-100;-919;0
13.448;6;-200;-919;0
13.458;5;-100;-919;0
13.468;3;-200;-919;0
13.478;2;-100;-919;0
13.488;0;-200;-919;0
13.498;-2;-200;-919;0
13.508;-3;-100;-919;0
13.518;-5;-200;-919;0
13.53;-7;-200;-919;0
13.538;-8;-100;-919;0
13.548;-9;-100;-919;0
13.558;-11;-200;-919;0
13.57;-12;-100;-919;0
13.578;-13;-100;-919;0
13.588;-14;-100;-919;0
13.598;-16;-200;-919;0
13.607;-17;-100;-919;0
13.618;-18;-100;-919;0
13.627;-19;-100;-919;0
13.637;-20;-100;-919;0
13.647;-20;0;-919;0
13.658;-21;-100;-919;0
13.668;-22;-100;-919;0
13.677;-22;0;-919;0
13.687;-23;-100;-919;0
13.697;-23;0;-919;0
13.707;-23;0;-919;0
13.717;-23;0;-919;0
13.727;-23;0;-919;0
13.737;-23;0;-919;0
13.747;-23;0;-919;0
13.757;-23;0;-919;0
13.767;-22;100;-919;0
13.777;-22;0;-919;0
13.788;-21;100;-919;0
13.798;-21;0;-919;0
13.807;-20;100;-919;0
13.818;-19;100;-919;0
13.828;-18;100;-919;0
13.838;-17;100;-919;0
13.848;-16;100;-919;0
13.858;-15;100;-919;0
13.868;-14;100;-919;0
13.878;-13;100;-919;0
13.888;-12;100;-919;0
13.899;-10;200;-919;0
13.908;-9;100;-919;0
13.917;-8;100;-919;0
13.928;-6;200;-919;0
13.938;-5;100;-919;0
13.948;-4;100;-919;0
13.958;-2;200;-919;0
13.968;-1;100;-919;0
13.977;0;100;-919;0
13.988;2;200;-919;0
13.998;3;100;-919;0
14.008;5;200;-919;0
14.018;6;100;-919;0
14.028;7;100;-919;0
14.038;9;200;-919;0
14.048;10;100;-919;0
14.06;11;100;-919;0
14.068;12;100;-919;0
14.08;13;100;-919;0
14.088;14;100;-919;0
14.098;15;100;-919;0
14.108;16;100;-919;0
14.118;17;100;-919;0
14.13;18;100;-919;0
14.138;18;0;-919;0
14.148;19;100;-919;0
14.16;19;0;-919;0
14.168;19;0;-919;0
14.18;20;100;-919;0
14.188;20;0;-919;0
14.198;20;0;-919;0
14.21;20;0;-919;0
14.218;20;0;-919;0
14.23;20;0;-919;0
14.24;19;-100;-919;0
14.248;19;0;-919;0
14.26;19;0;-919;0
14.268;18;-100;-919;0
14.28;18;0;-919;0
14.288;17;-100;-919;0
14.298;16;-100;-919;0
14.32;14;-200;-919;0
14.322;14;0;-919;0
14.328;14;0;-919;0
14.338;13;-100;-919;0
14.348;12;-100;-919;0
14.358;11;-100;-919;0
14.368;10;-100;-919;0
14.388;7;-300;-919;0
14.39;7;0;-919;0
14.398;6;-100;-919;0
14.408;5;-100;-919;0
14.42;3;-200;-919;0
14.428;3;0;-919;0
14.438;1;-200;-919;0
14.45;0;-100;-919;0
14.458;-1;-100;-919;0
14.468;-2;-100;-919;0
14.478;-4;-200;-919;0
14.49;-5;-100;-919;0
14.498;-6;-100;-919;0
14.508;-7;-100;-919;0
14.518;-8;-100;-919;0
14.53;-10;-200;-919;0
14.538;-10;0;-919;0
14.548;-11;-100;-919;0
14.558;-12;-100;-919;0
14.57;-13;-100;-919;0
14.578;-14;-100;-919;0
14.588;-15;-100;-919;0
14.61;-16;-100;-919;0
14.611;-16;0;-919;0
14.618;-17;-100;-919;0
14.627;-17;0;-919;0
14.637;-17;0;-919;0
14.648;-18;-100;-919;0
14.658;-18;0;-919;0
14.668;-18;0;-919;0
14.678;-18;0;-919;0
14.688;-18;0;-919;0
14.7;-18;0;-919;0
14.708;-18;0;-919;0
14.72;-18;0;-919;0
14.728;-17;100;-919;0
14.738;-17;0;-919;0
14.748;-17;0;-919;0
14.76;-16;100;-919;0
14.768;-15;100;-919;0
14.777;-15;0;-919;0
14.788;-14;100;-919;0
14.798;-13;100;-919;0
14.808;-12;100;-919;0
14.818;-12;0;-919;0
14.828;-11;100;-919;0
14.838;-10;100;-919;0
14.848;-9;100;-919;0
14.858;-8;100;-919;0
14.868;-7;100;-919;0
14.878;-6;100;-919;0
14.888;-5;100;-919;0
14.898;-4;100;-919;0
14.908;-3;100;-919;0
14.958;3;600;-919;0
14.96;3;0;-919;0
14.961;3;0;-919;0
14.963;3;0;-919;0
14.964;3;0;-919;0
14.968;4;100;-919;0
14.978;5;100;-919;0
14.988;6;100;-919;0
14.998;7;100;-919;0
15.008;8;100;-919;0
15.018;8;0;-919;0
15.027;9;100;-919;0
15.038;10;100;-919;0
15.048;11;100;-919;0
15.06;12;100;-919;0
15.07;12;0;-919;0
15.078;13;100;-919;0
15.088;13;0;-919;0
15.098;14;100;-919;0
15.107;14;0;-919;0
15.117;14;0;-919;0
15.127;14;0;-919;0
15.137;15;100;-919;0
15.148;15;0;-919;0
15.158;15;0;-919;0
15.168;15;0;-919;0
15.18;15;0;-919;0
15.188;15;0;-919;0
15.2;14;-100;-919;0
15.208;14;0;-919;0
15.22;14;0;-919;0
15.228;13;-100;-919;0
15.238;13;0;-919;0
15.25;12;-100;-919;0
15.258;12;0;-919;0
15.268;11;-100;-919;0
15.29;9;-200;-919;0
15.292;9;0;-919;0
15.298;9;0;-919;0
15.31;8;-100;-919;0
15.318;7;-100;-919;0
15.328;6;-100;-919;0
15.34;5;-100;-919;0
15.35;5;0;-919;0
15.358;4;-100;-919;0
15.368;3;-100;-919;0
15.378;2;-100;-919;0
15.388;1;-100;-919;0
15.4;0;-100;-919;0
15.408;-1;-100;-919;0
15.42;-2;-100;-919;0
15.428;-2;0;-919;0
15.438;-3;-100;-919;0
15.448;-4;-100;-919;0
15.458;-5;-100;-919;0
15.468;-6;-100;-919;0
15.478;-7;-100;-919;0
15.49;-7;0;-919;0
15.498;-8;-100;-919;0
15.508;-9;-100;-919;0
15.52;-9;0;-919;0
15.528;-10;-100;-919;0
15.538;-10;0;-919;0
15.548;-11;-100;-919;0
15.56;-11;0;-919;0
15.568;-12;-100;-919;0
15.58;-12;0;-919;0
15.588;-12;0;-919;0
15.6;-13;-100;-919;0
15.608;-13;0;-919;0
15.62;-13;0;-919;0
15.628;-13;0;-919;0
15.638;-13;0;-919;0
15.65;-13;0;-919;0
15.658;-13;0;-919;0
15.67;-12;100;-919;0
15.678;-12;0;-919;0
15.688;-12;0;-919;0
15.7;-12;0;-919;0
15.708;-11;100;-919;0
15.718;-11;0;-919;0
15.728;-10;100;-919;0
15.738;-10;0;-919;0
15.748;-9;100;-919;0
15.758;-9;0;-919;0
15.768;-8;100;-919;0
15.778;-7;100;-919;0
15.79;-7;0;-919;0
15.798;-6;100;-919;0
15.808;-5;100;-919;0
15.818;-5;0;-919;0
15.828;-4;100;-919;0
15.838;-3;100;-919;0
15.848;-3;0;-919;0
15.857;-2;100;-919;0
15.868;-1;100;-919;0
15.878;0;100;-919;0
15.888;0;0;-919;0
15.9;1;100;-919;0
15.908;2;100;-919;0
15.92;3;100;-919;0
15.928;3;0;-919;0
15.938;4;100;-919;0
15.95;4;0;-919;0
15.958;5;100;-919;0
15.968;5;0;-919;0
15.978;6;100;-919;0
16;7;100;-919;0
16.001;7;0;-919;0
16.008;7;0;-919;0
16.018;8;100;-919;0
16.03;8;0;-919;0
16.038;8;0;-919;0
16.048;9;100;-919;0
16.06;9;0;-919;0
16.068;9;0;-919;0
16.078;9;0;-919;0
16.088;9;0;-919;0
16.1;9;0;-919;0
16.108;9;0;-919;0
16.118;9;0;-919;0
16.128;9;0;-919;0
16.14;9;0;-919;0
16.148;9;0;-919;0
16.158;8;-100;-919;0
16.17;8;0;-919;0
16.178;8;0;-919;0
16.19;7;-100;-919;0
16.2;7;0;-919;0
16.208;7;0;-919;0
16.218;6;-100;-919;0
16.228;6;0;-919;0
16.238;5;-100;-919;0
16.25;5;0;-919;0
16.258;4;-100;-919;0
16.268;4;0;-919;0
16.28;3;-100;-919;0
16.288;2;-100;-919;0
16.298;2;0;-919;0
16.308;1;-100;-919;0
16.318;1;0;-919;0
16.328;0;-100;-919;0
16.34;0;0;-919;0
16.348;-1;-100;-919;0
16.36;-1;0;-919;0
16.368;-2;-100;-919;0
16.38;-2;0;-919;0
16.388;-3;-100;-919;0
16.4;-3;0;-919;0
16.408;-4;-100;-919;0
16.42;-4;0;-919;0
16.428;-5;-100;-919;0
16.44;-5;0;-919;0
16.448;-5;0;-919;0
16.458;-6;-100;-919;0
16.468;-6;0;-919;0
16.478;-6;0;-919;0
16.488;-6;0;-919;0
16.498;-6;0;-919;0
16.51;-7;-100;-919;0
16.518;-7;0;-919;0
16.53;-7;0;-919;0
16.538;-7;0;-919;0
16.548;-7;0;-919;0
16.558;-7;0;-919;0
16.568;-7;0;-919;0
16.58;-7;0;-919;0
16.588;-7;0;-919;0
16.598;-6;100;-919;0
16.608;-6;0;-919;0
16.62;-6;0;-919;0
16.628;-6;0;-919;0
16.638;-5;100;-919;0
16.648;-5;0;-919;0
16.66;-5;0;-919;0
16.668;-4;100;-919;0
16.678;-4;0;-919;0
16.688;-4;0;-919;0
16.7;-3;100;-919;0
16.71;-3;0;-919;0
16.718;-2;100;-919;0
16.73;-2;0;-919;0
16.738;-2;0;-919;0
16.748;-1;100;-919;0
16.76;-1;0;-919;0
16.768;0;100;-919;0
16.78;0;0;-919;0
16.788;0;0;-919;0
16.798;1;100;-919;0
16.808;1;0;-919;0
16.82;1;0;-919;0
16.828;2;100;-919;0
16.838;2;0;-919;0
16.848;2;0;-919;0
16.858;3;100;-919;0
16.87;3;0;-919;0
16.878;3;0;-919;0
16.888;3;0;-919;0
16.898;3;0;-919;0
16.91;3;0;-919;0
16.918;3;0;-919;0
16.928;3;0;-919;0
16.938;4;100;-919;0
16.948;4;0;-919;0
16.958;4;0;-919;0
16.968;4;0;-919;0
16.978;4;0;-919;0
16.988;3;-100;-919;0
16.998;3;0;-919;0
17.008;3;0;-919;0
17.02;3;0;-919;0
17.028;3;0;-919;0
17.038;3;0;-919;0
17.05;2;-100;-919;0
17.058;2;0;-919;0
17.068;2;0;-919;0
17.09;1;-100;-919;0
17.091;1;0;-919;0
17.098;1;0;-919;0
17.11;1;0;-919;0
17.118;0;-100;-919;0
17.128;0;0;-919;0
17.138;0;0;-919;0
17.16;-1;-100;-919;0
17.161;-1;0;-919;0
17.168;-1;0;-919;0
17.178;-1;0;-919;0
17.19;-2;-100;-919;0
17.198;-2;0;-919;0
17.21;-2;0;-919;0
17.218;-2;0;-919;0
17.228;-2;0;-919;0
17.24;-3;-100;-919;0
17.248;-3;0;-919;0
17.26;-3;0;-919;0
17.268;-3;0;-919;0
17.278;-3;0;-919;0
17.288;-3;0;-919;0
17.298;-3;0;-919;0
17.31;-3;0;-919;0
17.318;-3;0;-919;0
17.328;-3;0;-919;0
17.338;-3;0;-919;0
17.348;-3;0;-919;0
17.358;-3;0;-919;0
17.368;-3;0;-919;0
17.378;-3;0;-919;0
17.388;-2;100;-919;0
17.4;-2;0;-919;0
17.408;-2;0;-919;0
17.42;-2;0;-919;0
17.428;-2;0;-919;0
17.44;-1;100;-919;0
17.448;-1;0;-919;0
17.458;-1;0;-919;0
17.468;-1;0;-919;0
17.48;0;100;-919;0
17.488;0;0;-919;0
17.498;0;0;-919;0
17.508;0;0;-919;0
17.518;0;0;-919;0
17.53;0;0;-919;0
17.538;1;100;-919;0
17.548;1;0;-919;0
17.558;1;0;-919;0
17.57;1;0;-919;0
17.58;1;0;-919;0
17.588;1;0;-919;0
17.598;1;0;-919;0
17.608;1;0;-919;0
17.618;1;0;-919;0
17.63;1;0;-919;0
17.638;1;0;-919;0
17.648;1;0;-919;0
17.66;1;0;-919;0
17.668;1;0;-919;0
17.678;1;0;-919;0
17.69;1;0;-919;0
17.7;1;0;-919;0
17.708;1;0;-919;0
17.718;1;0;-919;0
17.73;1;0;-919;0
17.738;1;0;-919;0
17.748;1;0;-919;0
17.758;0;-100;-919;0
17.77;0;0;-919;0
17.778;0;0;-919;0
17.79;0;0;-919;0
17.8;0;0;-919;0
17.808;0;0;-919;0
17.82;0;0;-919;0
17.828;-1;-100;-919;0
17.838;-1;0;-919;0
17.848;-1;0;-919;0
17.86;-1;0;-919;0
17.868;-1;0;-919;0
17.878;-1;0;-919;0
17.888;-1;0;-919;0
17.9;-1;0;-919;0
17.908;-1;0;-919;0
17.918;-1;0;-919;0
17.928;-2;-100;-919;0
17.94;-2;0;-919;0
17.948;-2;0;-919;0
17.96;-2;0;-919;0
17.968;-2;0;-919;0
17.978;-2;0;-919;0
17.99;-2;0;-919;0
17.998;-2;0;-919;0
18.008;-2;0;-919;0
18.018;-2;0;-919;0
18.028;-1;100;-919;0
18.038;-1;0;-919;0
18.05;-1;0;-919;0
18.058;-1;0;-919;0
18.068;-1;0;-919;0
18.078;-1;0;-919;0
18.088;-1;0;-919;0
18.1;-1;0;-919;0
18.11;-1;0;-919;0
18.118;-1;0;-919;0
18.128;-1;0;-919;0
18.138;-1;0;-919;0
18.15;0;100;-919;0
18.158;0;0;-919;0
18.168;0;0;-919;0
18.178;0;0;-919;0
18.19;0;0;-919;0
18.198;0;0;-919;0
18.208;0;0;-919;0
18.22;0;0;-919;0
18.228;0;0;-919;0
18.238;0;0;-919;0
18.25;0;0;-919;0
18.258;0;0;-919;0
18.268;0;0;-919;0
18.28;0;0;-919;0
18.288;0;0;-919;0
18.298;0;0;-919;0
18.308;0;0;-919;0
18.318;0;0;-919;0
18.328;0;0;-919;0
18.34;0;0;-919;0
18.35;0;0;-919;0
18.358;0;0;-919;0
18.37;0;0;-919;0
18.378;0;0;-919;0
18.388;0;0;-919;0
18.4;0;0;-919;0
18.408;0;0;-919;0
18.418;0;0;-919;0
18.428;0;0;-919;0
18.44;0;0;-919;0
18.45;0;0;-919;0
18.458;0;0;-919;0
18.468;0;0;-919;0
18.478;0;0;-919;0
18.488;-1;-100;-919;0
18.5;-1;0;-919;0
18.508;-1;0;-919;0
18.52;-1;0;-919;0
18.528;-1;0;-919;0
18.538;-1;0;-919;0
18.548;-1;0;-919;0
18.558;-1;0;-919;0
18.57;-1;0;-919;0
18.578;-1;0;-919;0
18.588;-1;0;-919;0
18.598;-1;0;-919;0
18.61;-1;0;-919;0
18.618;-1;0;-919;0
18.63;-1;0;-919;0
18.638;-1;0;-919;0
18.648;-1;0;-919;0
18.658;-1;0;-919;0
18.67;-1;0;-919;0
18.678;-1;0;-919;0
18.688;-1;0;-919;0
18.698;-1;0;-919;0
18.71;-1;0;-919;0
18.718;-1;0;-919;0
18.728;-1;0;-919;0
18.74;-1;0;-919;0
18.748;0;100;-919;0
18.76;0;0;-919;0
18.768;0;0;-919;0
18.78;0;0;-919;0
18.788;0;0;-919;0
18.798;0;0;-919;0
18.81;0;0;-919;0
18.818;0;0;-919;0
18.83;0;0;-919;0
18.838;0;0;-919;0
18.848;0;0;-919;0
18.86;0;0;-919;0
18.868;0;0;-919;0
18.878;0;0;-919;0
18.888;0;0;-919;0
18.9;0;0;-919;0
18.908;0;0;-919;0
18.918;0;0;-919;0
18.928;0;0;-919;0
18.94;0;0;-919;0
18.95;0;0;-919;0
18.958;0;0;-919;0
18.97;0;0;-919;0
18.978;0;0;-919;0
18.99;0;0;-919;0
18.998;0;0;-919;0
19.008;0;0;-919;0
19.018;0;0;-919;0
19.028;0;0;-919;0
19.04;0;0;-919;0
19.05;0;0;-919;0
19.058;0;0;-919;0
19.068;0;0;-919;0
19.08;0;0;-919;0
19.088;0;0;-919;0
19.098;0;0;-919;0
19.108;0;0;-919;0
19.12;0;0;-919;0
19.13;0;0;-919;0
19.138;0;0;-919;0
19.148;0;0;-919;0
19.158;0;0;-919;0
19.17;0;0;-919;0
19.178;0;0;-919;0
19.188;0;0;-919;0
19.198;0;0;-919;0
19.208;0;0;-919;0
19.22;0;0;-919;0
19.228;0;0;-919;0
19.24;0;0;-919;0
19.25;0;0;-919;0
19.258;0;0;-919;0
19.268;0;0;-919;0
19.28;0;0;-919;0
19.288;0;0;-919;0
19.3;0;0;-919;0
19.308;0;0;-919;0
19.318;0;0;-919;0
19.328;0;0;-919;0
19.34;0;0;-919;0
19.348;0;0;-919;0
19.358;0;0;-919;0
19.37;0;0;-919;0
19.378;0;0;-919;0
19.39;0;0;-919;0
19.398;0;0;-919;0
19.41;0;0;-919;0
19.418;0;0;-919;0
19.428;0;0;-919;0
19.44;0;0;-919;0
19.448;0;0;-919;0
19.458;0;0;-919;0
19.468;0;0;-919;0
19.48;0;0;-919;0
19.488;0;0;-919;0
19.5;0;0;-919;0
19.508;0;0;-919;0
19.518;0;0;-919;0
19.53;0;0;-919;0
19.538;0;0;-919;0
19.55;0;0;-919;0
19.558;0;0;-919;0
19.57;0;0;-919;0
19.578;0;0;-919;0
19.588;0;0;-919;0
19.6;0;0;-919;0
19.608;0;0;-919;0
19.618;0;0;-919;0
19.628;0;0;-919;0
19.64;0;0;-919;0
19.65;0;0;-919;0
19.658;0;0;-919;0
19.668;0;0;-919;0
19.678;0;0;-919;0
19.688;0;0;-919;0
19.7;0;0;-919;0
19.708;0;0;-919;0
19.718;0;0;-919;0
19.73;0;0;-919;0
19.738;0;0;-919;0
19.75;0;0;-919;0
19.758;0;0;-919;0
19.77;0;0;-919;0
19.778;0;0;-919;0
19.788;0;0;-919;0
19.8;0;0;-919;0
19.808;0;0;-919;0
19.818;0;0;-919;0
19.828;0;0;-919;0
19.84;0;0;-919;0
19.848;0;0;-919;0
19.858;0;0;-919;0
19.868;0;0;-919;0
19.88;0;0;-919;0
19.888;0;0;-919;0
19.898;0;0;-919;0
19.91;0;0;-919;0
19.918;0;0;-919;0
19.928;0;0;-919;0
19.94;0;0;-919;0
19.948;0;0;-919;0
19.958;0;0;-919;0
19.968;0;0;-919;0
19.98;0;0;-919;0
19.99;0;0;-919;0
19.998;0;0;-919;0
20.008;0;0;-919;0
20.02;0;0;-919;0
20.028;0;0;-919;0
20.04;0;0;-919;0
