0.054;0;0;0;0
0.064;0;0;0;0
0.087;0;0;0;0.01
0.088;0;0;0;0
0.094;0;0;0;0.01
0.104;0;0;0;0.02
0.114;-0.15;-15;0;0.04
0.124;-0.3;-15;0;0.06
0.134;-0.45;-15;0;0.09
0.144;-0.75;-30;0;0.1
0.154;-1.05;-30;0;0.14
0.164;-1.35;-30;0.01;0.15
0.174;-1.8;-45;0.01;0.18
0.184;-2.4;-60;0.01;0.2
0.193;-2.85;-45;0.01;0.2
0.204;-3.3;-45;0.01;0.25
0.214;-3.9;-60;0.02;0.25
0.224;-4.5;-60;0.02;0.26
0.234;-4.95;-45;0.02;0.27
0.244;-5.55;-60;0.02;0.28
0.254;-6;-45;0.03;0.28
0.264;-6.45;-45;0.03;0.27
0.274;-6.9;-45;0.03;0.25
0.284;-7.35;-45;0.04;0.25
0.294;-7.65;-30;0.04;0.23
0.304;-7.8;-15;0.04;0.21
0.314;-7.95;-15;0.04;0.19
0.324;-7.95;0;0.04;0.17
0.334;-7.95;0;0.04;0.14
0.343;-7.8;15;0.05;0.09
0.354;-7.35;45;0.05;0.08
0.364;-6.9;45;0.05;0.03
0.374;-6.45;45;0.05;0
0.384;-5.7;75;0.05;-0.03
0.394;-4.95;75;0.05;-0.07
0.404;-4.2;75;0.04;-0.09
0.414;-3.15;105;0.04;-0.13
0.424;-2.1;105;0.04;-0.16
0.434;-1.05;105;0.04;-0.18
0.444;0.15;120;0.04;-0.21
0.454;1.35;120;0.04;-0.22
0.464;2.7;135;0.03;-0.25
0.474;3.9;120;0.03;-0.25
0.484;5.25;135;0.03;-0.27
0.493;6.45;120;0.03;-0.24
0.504;7.8;135;0.02;-0.3
0.514;9;120;0.02;-0.27
0.524;10.2;120;0.02;-0.26
0.534;11.25;105;0.02;-0.25
0.544;12.3;105;0.01;-0.23
0.554;13.2;90;0.01;-0.22
0.564;13.95;75;0.01;-0.19
0.574;14.7;75;0.01;-0.17
0.584;15.15;45;0.01;-0.13
0.594;15.6;45;0;-0.1
0.604;15.9;30;0;-0.07
0.614;15.9;0;0;-0.03
0.624;15.9;0;0;0
0.634;15.75;-15;0;0.03
0.643;15.45;-30;0;0.06
0.654;15;-45;0.01;0.1
0.664;14.4;-60;0.01;0.12
0.674;13.65;-75;0.01;0.15
0.684;12.75;-90;0.01;0.17
0.693;11.85;-90;0.01;0.18
0.704;10.8;-105;0.01;0.24
0.714;9.6;-120;0.02;0.23
0.724;8.4;-120;0.02;0.25
0.733;7.2;-120;0.02;0.23
0.744;5.85;-135;0.02;0.29
0.754;4.5;-135;0.03;0.27
0.764;3.15;-135;0.03;0.26
0.774;1.95;-120;0.03;0.25
0.783;0.75;-120;0.03;0.23
0.794;-0.75;-150;0.04;0.25
0.804;-1.95;-120;0.04;0.21
0.814;-3;-105;0.04;0.19
0.824;-4.2;-120;0.04;0.16
0.834;-5.1;-90;0.04;0.14
0.843;-5.85;-75;0.04;0.09
0.854;-6.75;-90;0.05;0.08
0.864;-7.35;-60;0.05;0.03
0.874;-7.95;-60;0.05;0
0.884;-8.4;-45;0.05;-0.03
0.894;-8.7;-30;0.04;-0.06
0.904;-8.85;-15;0.04;-0.1
0.914;-9;-15;0.04;-0.12
0.924;-9;0;0.04;-0.16
0.934;-8.85;15;0.04;-0.18
0.944;-8.55;30;0.04;-0.21
0.954;-8.25;30;0.04;-0.22
0.964;-7.8;45;0.03;-0.25
0.974;-7.35;45;0.03;-0.25
0.984;-6.75;60;0.03;-0.27
0.994;-6.3;45;0.02;-0.28
1.003;-5.7;60;0.02;-0.23
1.014;-4.95;75;0.02;-0.3
1.024;-4.35;60;0.02;-0.25
1.034;-3.75;60;0.01;-0.25
1.044;-3.15;60;0.01;-0.23
1.054;-2.7;45;0.01;-0.21
1.064;-2.1;60;0.01;-0.19
1.074;-1.65;45;0.01;-0.16
1.084;-1.35;30;0;-0.14
1.094;-1.05;30;0;-0.1
1.104;-0.75;30;0;-0.07
1.114;-0.75;0;0;-0.03
1.124;-0.6;15;0;0
1.134;-0.6;0;0;0.03
1.144;-0.6;0;0;0.06
1.154;-0.9;-30;0;0.1
1.164;-1.05;-15;0.01;0.12
1.174;-1.35;-30;0.01;0.14
1.184;-1.8;-45;0.01;0.17
1.194;-2.1;-30;0.01;0.19
1.204;-2.55;-45;0.01;0.22
1.214;-3;-45;0.02;0.23
1.224;-3.45;-45;0.02;0.25
1.234;-4.05;-60;0.02;0.25
1.244;-4.5;-45;0.02;0.26
1.254;-4.95;-45;0.03;0.27
1.264;-5.4;-45;0.03;0.26
1.274;-5.7;-30;0.03;0.25
1.284;-6.15;-45;0.03;0.24
1.294;-6.3;-15;0.04;0.23
1.304;-6.6;-30;0.04;0.21
1.313;-6.75;-15;0.04;0.17
1.324;-6.75;0;0.04;0.18
1.334;-6.6;15;0.04;0.13
1.344;-6.45;15;0.04;0.1
1.354;-6.15;30;0.04;0.07
1.364;-5.7;45;0.04;0.03
1.374;-5.25;45;0.04;-0.01
1.384;-4.65;60;0.04;-0.04
1.394;-3.9;75;0.04;-0.08
1.404;-3;90;0.04;-0.1
1.414;-2.1;90;0.04;-0.13
1.424;-1.05;105;0.04;-0.16
1.434;0;105;0.04;-0.19
1.444;1.05;105;0.04;-0.21
1.454;2.25;120;0.03;-0.23
1.463;3.3;105;0.03;-0.21
1.474;4.65;135;0.03;-0.29
1.484;5.85;120;0.03;-0.27
1.494;7.05;120;0.02;-0.27
1.504;8.25;120;0.02;-0.28
1.514;9.45;120;0.02;-0.27
1.524;10.5;105;0.01;-0.27
1.534;11.55;105;0.01;-0.25
1.544;12.45;90;0.01;-0.23
1.553;13.2;75;0.01;-0.19
1.564;13.95;75;0.01;-0.21
1.574;14.55;60;0;-0.17
1.584;15;45;0;-0.14
1.594;15.3;30;0;-0.1
1.604;15.45;15;0;-0.07
1.614;15.45;0;0;-0.03
1.624;15.3;-15;0;0
1.634;15.15;-15;0;0.03
1.644;14.7;-45;0;0.06
1.654;14.25;-45;0;0.09
1.664;13.5;-75;0;0.12
1.674;12.75;-75;0.01;0.14
1.684;11.85;-90;0.01;0.17
1.694;10.8;-105;0.01;0.2
1.704;9.75;-105;0.01;0.21
1.714;8.55;-120;0.01;0.24
1.724;7.2;-135;0.02;0.24
1.734;6;-120;0.02;0.26
1.744;4.65;-135;0.02;0.27
1.754;3.3;-135;0.02;0.26
1.764;1.95;-135;0.03;0.27
1.774;0.6;-135;0.03;0.25
1.784;-0.75;-135;0.03;0.25
1.794;-1.95;-120;0.03;0.23
1.804;-3.15;-120;0.04;0.21
1.814;-4.35;-120;0.04;0.19
1.824;-5.4;-105;0.04;0.17
1.834;-6.3;-90;0.04;0.13
1.844;-7.2;-90;0.04;0.1
1.854;-7.95;-75;0.04;0.07
1.863;-8.55;-60;0.04;0.03
1.874;-9;-45;0.04;-0.01
1.884;-9.45;-45;0.04;-0.03
1.894;-9.75;-30;0.04;-0.08
1.904;-9.75;0;0.04;-0.1
1.914;-9.9;-15;0.04;-0.13
1.924;-9.75;15;0.04;-0.16
1.934;-9.45;30;0.04;-0.19
1.944;-9.15;30;0.03;-0.21
1.954;-8.85;30;0.03;-0.23
1.964;-8.4;45;0.03;-0.25
1.974;-7.8;60;0.03;-0.26
1.984;-7.2;60;0.02;-0.27
1.994;-6.45;75;0.02;-0.28
2.004;-5.85;60;0.02;-0.27
2.014;-5.1;75;0.02;-0.28
2.024;-4.5;60;0.01;-0.26
2.034;-3.75;75;0.01;-0.25
2.044;-3.15;60;0.01;-0.23
2.054;-2.4;75;0.01;-0.22
2.064;-1.95;45;0;-0.19
2.073;-1.5;45;0;-0.15
2.084;-0.9;60;0;-0.14
2.094;-0.6;30;-0;-0.1
2.104;-0.3;30;-0;-0.07
2.113;-0.15;15;-0;-0.03
2.124;0;15;-0;0
2.134;0.15;15;-0;0.03
2.144;0.15;0;-0;0.06
2.154;0;-15;0;0.1
2.164;-0.15;-15;0;0.12
2.174;-0.45;-30;0;0.15
2.184;-0.75;-30;0.01;0.17
2.194;-1.2;-45;0.01;0.2
2.204;-1.5;-30;0.01;0.22
2.214;-1.95;-45;0.01;0.23
2.224;-2.4;-45;0.01;0.25
2.234;-3;-60;0.02;0.26
2.244;-3.45;-45;0.02;0.26
2.254;-3.9;-45;0.02;0.27
2.264;-4.2;-30;0.02;0.26
2.273;-4.65;-45;0.03;0.23
2.284;-4.95;-30;0.03;0.27
2.294;-5.25;-30;0.03;0.23
2.304;-5.55;-30;0.03;0.21
2.314;-5.55;0;0.04;0.19
2.324;-5.7;-15;0.04;0.16
2.334;-5.55;15;0.04;0.14
2.344;-5.4;15;0.04;0.1
2.354;-5.25;15;0.04;0.06
2.364;-4.8;45;0.04;0.03
2.373;-4.35;45;0.04;-0.01
2.384;-3.75;60;0.04;-0.03
2.394;-3;75;0.04;-0.07
2.403;-2.4;60;0.04;-0.09
2.414;-1.35;105;0.04;-0.14
2.424;-0.45;90;0.04;-0.16
2.434;0.6;105;0.03;-0.18
2.444;1.65;105;0.03;-0.21
2.454;2.7;105;0.03;-0.23
2.464;3.9;120;0.03;-0.24
2.474;4.95;105;0.02;-0.26
2.484;6.15;120;0.02;-0.26
2.494;7.35;120;0.02;-0.28
2.504;8.4;105;0.02;-0.28
2.514;9.6;120;0.01;-0.27
2.524;10.5;90;0.01;-0.26
2.533;11.4;90;0.01;-0.22
2.544;12.3;90;0.01;-0.26
2.554;13.05;75;0;-0.21
2.564;13.65;60;0;-0.19
2.574;14.25;60;0;-0.17
2.584;14.7;45;-0;-0.13
2.594;14.85;15;-0;-0.1
2.604;15;15;-0;-0.07
2.614;15;0;-0;-0.03
2.623;14.85;-15;-0;0
2.634;14.4;-45;-0;0.03
2.644;14.1;-30;-0;0.06
2.654;13.5;-60;-0;0.09
2.664;12.75;-75;0;0.12
2.674;11.85;-90;0;0.14
2.684;10.95;-90;0;0.18
2.694;9.9;-105;0.01;0.2
2.704;8.7;-120;0.01;0.22
2.714;7.5;-120;0.01;0.23
2.724;6.3;-120;0.01;0.25
2.734;4.95;-135;0.02;0.25
2.744;3.6;-135;0.02;0.27
2.754;2.25;-135;0.02;0.27
2.764;0.9;-135;0.02;0.26
2.774;-0.45;-135;0.03;0.26
2.784;-1.8;-135;0.03;0.24
2.794;-3;-120;0.03;0.23
2.804;-4.2;-120;0.03;0.21
2.814;-5.4;-120;0.03;0.19
2.824;-6.45;-105;0.04;0.17
2.834;-7.35;-90;0.04;0.13
2.844;-8.1;-75;0.04;0.1
2.854;-8.85;-75;0.04;0.06
2.864;-9.45;-60;0.04;0.03
2.874;-9.9;-45;0.04;-0.01
2.884;-10.2;-30;0.04;-0.04
2.893;-10.35;-15;0.04;-0.06
2.904;-10.5;-15;0.04;-0.11
2.914;-10.5;0;0.04;-0.12
2.924;-10.35;15;0.03;-0.16
2.934;-10.05;30;0.03;-0.19
2.943;-9.75;30;0.03;-0.19
2.954;-9.15;60;0.03;-0.25
2.964;-8.7;45;0.03;-0.24
2.974;-8.1;60;0.02;-0.26
2.983;-7.35;75;0.02;-0.25
2.994;-6.6;75;0.02;-0.3
3.004;-5.85;75;0.02;-0.28
3.014;-5.1;75;0.01;-0.27
3.024;-4.35;75;0.01;-0.26
3.034;-3.6;75;0.01;-0.25
3.044;-2.85;75;0.01;-0.23
3.054;-2.25;60;0;-0.21
3.064;-1.5;75;0;-0.19
3.074;-0.9;60;-0;-0.17
3.084;-0.45;45;-0;-0.14
3.094;0;45;-0;-0.1
3.104;0.3;30;-0;-0.06
3.113;0.6;30;-0;-0.03
3.123;0.75;15;-0;0
3.134;0.75;0;-0;0.04
3.144;0.9;15;-0;0.06
3.154;0.75;-15;-0;0.1
3.164;0.6;-15;-0;0.12
3.174;0.45;-15;0;0.15
3.184;0.15;-30;0;0.17
3.194;-0.3;-45;0;0.21
3.204;-0.6;-30;0.01;0.21
3.213;-1.05;-45;0.01;0.22
3.224;-1.5;-45;0.01;0.28
3.234;-1.95;-45;0.01;0.25
3.243;-2.4;-45;0.02;0.24
3.254;-2.85;-45;0.02;0.3
3.264;-3.3;-45;0.02;0.26
3.274;-3.6;-30;0.02;0.26
3.284;-4.05;-45;0.03;0.24
3.294;-4.35;-30;0.03;0.23
3.304;-4.5;-15;0.03;0.21
3.314;-4.65;-15;0.03;0.19
3.324;-4.8;-15;0.04;0.17
3.334;-4.8;0;0.04;0.13
3.343;-4.65;15;0.04;0.1
3.354;-4.35;30;0.04;0.07
3.364;-4.05;30;0.04;0.03
3.374;-3.6;45;0.04;-0.01
3.384;-3.15;45;0.04;-0.03
3.393;-2.55;60;0.04;-0.06
3.404;-1.65;90;0.04;-0.1
3.414;-0.9;75;0.04;-0.12
3.424;0;90;0.03;-0.15
3.434;0.9;90;0.03;-0.19
3.444;1.95;105;0.03;-0.21
3.454;3;105;0.03;-0.22
3.464;4.05;105;0.03;-0.25
3.474;5.25;120;0.02;-0.25
3.484;6.3;105;0.02;-0.27
3.494;7.35;105;0.02;-0.27
3.504;8.4;105;0.01;-0.28
3.514;9.45;105;0.01;-0.27
3.524;10.35;90;0.01;-0.26
3.534;11.25;90;0.01;-0.25
3.544;12.15;90;0;-0.23
3.554;12.75;60;0;-0.21
3.564;13.35;60;0;-0.19
3.574;13.8;45;-0;-0.17
3.584;14.1;30;-0;-0.13
3.594;14.25;15;-0;-0.1
3.604;14.4;15;-0;-0.06
3.614;14.25;-15;-0;-0.03
3.623;14.1;-15;-0;0
3.634;13.65;-45;-0;0.03
3.644;13.2;-45;-0;0.06
3.654;12.6;-60;-0;0.09
3.663;12;-60;-0;0.1
3.674;11.1;-90;0;0.17
3.684;10.05;-105;0;0.17
3.694;9;-105;0;0.2
3.704;7.8;-120;0.01;0.21
3.714;6.6;-120;0.01;0.23
3.724;5.4;-120;0.01;0.25
3.734;4.05;-135;0.01;0.25
3.744;2.7;-135;0.02;0.27
3.754;1.35;-135;0.02;0.27
3.764;0;-135;0.02;0.26
3.774;-1.35;-135;0.02;0.25
3.784;-2.55;-120;0.03;0.24
3.794;-3.9;-135;0.03;0.23
3.804;-5.1;-120;0.03;0.21
3.814;-6.15;-105;0.03;0.19
3.824;-7.2;-105;0.03;0.17
3.834;-8.1;-90;0.04;0.13
3.844;-8.85;-75;0.04;0.1
3.854;-9.6;-75;0.04;0.07
3.864;-10.05;-45;0.04;0.03
3.873;-10.5;-45;0.04;0
3.884;-10.8;-30;0.04;-0.04
3.894;-10.95;-15;0.04;-0.07
3.904;-10.95;0;0.04;-0.1
3.914;-10.95;0;0.03;-0.13
3.924;-10.65;30;0.03;-0.16
3.933;-10.35;30;0.03;-0.17
3.944;-9.9;45;0.03;-0.23
3.954;-9.45;45;0.03;-0.23
3.964;-8.85;60;0.02;-0.25
3.974;-8.1;75;0.02;-0.25
3.984;-7.35;75;0.02;-0.27
3.994;-6.6;75;0.02;-0.28
4.004;-5.85;75;0.01;-0.28
4.014;-4.95;90;0.01;-0.27
4.023;-4.2;75;0.01;-0.24
4.034;-3.3;90;0.01;-0.28
4.044;-2.55;75;0;-0.23
4.054;-1.8;75;0;-0.21
4.064;-1.2;60;-0;-0.19
4.074;-0.6;60;-0;-0.17
4.084;0;60;-0;-0.13
4.094;0.45;45;-0.01;-0.1
4.104;0.9;45;-0.01;-0.07
4.114;1.05;15;-0.01;-0.03
4.124;1.35;30;-0.01;0.01
4.134;1.5;15;-0.01;0.03
4.143;1.5;0;-0.01;0.06
4.154;1.5;0;-0;0.1
4.164;1.35;-15;-0;0.12
4.174;1.2;-15;-0;0.15
4.184;0.9;-30;0;0.18
4.194;0.6;-30;0;0.19
4.204;0.15;-45;0;0.23
4.214;-0.15;-30;0.01;0.23
4.224;-0.6;-45;0.01;0.25
4.234;-1.05;-45;0.01;0.25
4.244;-1.5;-45;0.01;0.27
4.254;-1.95;-45;0.02;0.27
4.264;-2.4;-45;0.02;0.26
4.274;-2.85;-45;0.02;0.26
4.284;-3.15;-30;0.02;0.24
4.294;-3.45;-30;0.03;0.23
4.304;-3.75;-30;0.03;0.21
4.313;-3.9;-15;0.03;0.17
4.324;-4.05;-15;0.03;0.18
4.334;-4.05;0;0.03;0.13
4.344;-3.9;15;0.04;0.1
4.353;-3.75;15;0.04;0.06
4.364;-3.45;30;0.04;0.03
4.374;-3;45;0.04;-0.01
4.384;-2.55;45;0.04;-0.04
4.394;-1.95;60;0.03;-0.07
4.404;-1.2;75;0.03;-0.1
4.414;-0.45;75;0.03;-0.13
4.424;0.3;75;0.03;-0.16
4.434;1.2;90;0.03;-0.18
4.444;2.25;105;0.03;-0.21
4.454;3.15;90;0.02;-0.23
4.464;4.2;105;0.02;-0.24
4.474;5.25;105;0.02;-0.26
4.484;6.3;105;0.02;-0.27
4.494;7.35;105;0.01;-0.28
4.504;8.4;105;0.01;-0.27
4.514;9.3;90;0.01;-0.28
4.524;10.2;90;0.01;-0.26
4.534;11.1;90;0;-0.25
4.544;11.7;60;0;-0.23
4.554;12.45;75;-0;-0.21
4.564;12.9;45;-0;-0.19
4.574;13.35;45;-0;-0.16
4.584;13.5;15;-0.01;-0.14
4.594;13.65;15;-0.01;-0.1
4.603;13.65;0;-0.01;-0.06
4.614;13.65;0;-0.01;-0.03
4.624;13.35;-30;-0.01;0.01
4.634;12.9;-45;-0.01;0.03
4.644;12.45;-45;-0.01;0.06
4.654;11.7;-75;-0.01;0.1
4.664;10.95;-75;-0;0.12
4.674;10.05;-90;-0;0.15
4.684;9;-105;-0;0.18
4.694;7.95;-105;0;0.2
4.704;6.75;-120;0;0.22
4.714;5.55;-120;0.01;0.23
4.724;4.35;-120;0.01;0.25
4.734;3;-135;0.01;0.26
4.744;1.65;-135;0.01;0.27
4.754;0.3;-135;0.02;0.27
4.764;-1.05;-135;0.02;0.26
4.774;-2.4;-135;0.02;0.26
4.784;-3.6;-120;0.02;0.25
4.794;-4.8;-120;0.03;0.23
4.804;-6;-120;0.03;0.21
4.814;-7.05;-105;0.03;0.19
4.824;-8.1;-105;0.03;0.16
4.834;-9;-90;0.03;0.13
4.843;-9.6;-60;0.03;0.1
4.854;-10.35;-75;0.03;0.08
4.864;-10.8;-45;0.04;0.03
4.874;-11.1;-30;0.04;-0.01
4.884;-11.4;-30;0.03;-0.03
4.894;-11.55;-15;0.03;-0.07
4.904;-11.4;15;0.03;-0.1
4.914;-11.25;15;0.03;-0.12
4.924;-11.1;15;0.03;-0.16
4.934;-10.65;45;0.03;-0.19
4.944;-10.2;45;0.03;-0.21
4.954;-9.6;60;0.02;-0.23
4.964;-8.85;75;0.02;-0.25
4.973;-8.25;60;0.02;-0.23
4.984;-7.35;90;0.02;-0.3
4.994;-6.45;90;0.01;-0.27
5.004;-5.7;75;0.01;-0.28
5.014;-4.8;90;0.01;-0.28
5.024;-3.9;90;0.01;-0.25
5.034;-3;90;0;-0.25
5.043;-2.25;75;0;-0.21
5.054;-1.35;90;-0;-0.23
5.064;-0.6;75;-0;-0.19
5.074;0;60;-0;-0.17
5.084;0.6;60;-0.01;-0.15
5.094;1.2;60;-0.01;-0.13
5.104;1.8;60;-0.01;-0.12
5.114;2.25;45;-0.01;-0.11
5.124;2.85;60;-0.01;-0.1
5.134;3.3;45;-0.01;-0.08
5.144;3.75;45;-0.01;-0.08
5.154;4.05;30;-0.01;-0.07
5.164;4.5;45;-0.01;-0.07
5.174;4.8;30;-0.01;-0.06
5.184;5.1;30;-0.02;-0.06
5.194;5.4;30;-0.02;-0.05
5.204;5.55;15;-0.02;-0.04
5.214;5.7;15;-0.02;-0.03
5.224;5.85;15;-0.02;-0.03
5.234;6;15;-0.02;-0.02
5.244;6;0;-0.02;-0.02
5.254;6;0;-0.02;-0.01
5.264;6;0;-0.02;-0.01
5.274;6;0;-0.02;-0.01
5.286;6;0;-0.02;0
5.294;5.85;-15;-0.02;0
5.304;5.7;-15;-0.02;0
5.322;5.4;-30;-0.02;0
5.324;5.4;0;-0.02;0
5.334;5.25;-15;-0.02;0
5.344;4.95;-30;-0.02;0
5.354;4.8;-15;-0.02;0
5.364;4.5;-30;-0.02;0
5.374;4.2;-30;-0.02;0
5.383;4.05;-15;-0.02;0
5.394;3.75;-30;-0.02;0
5.404;3.45;-30;-0.02;0
5.414;3;-45;-0.02;0
5.424;2.7;-30;-0.02;0
5.434;2.4;-30;-0.02;0
5.444;2.1;-30;-0.02;0
5.454;1.65;-45;-0.02;0
5.464;1.35;-30;-0.02;0
5.474;0.9;-45;-0.02;0
5.484;0.6;-30;-0.02;0
5.494;0.15;-45;-0.02;0
5.504;-0.15;-30;-0.02;0
5.514;-0.45;-30;-0.02;0
5.524;-0.9;-45;-0.02;0
5.534;-1.2;-30;-0.02;0
5.544;-1.5;-30;-0.02;0
5.554;-1.95;-45;-0.02;0
5.564;-2.25;-30;-0.02;0
5.574;-2.55;-30;-0.02;0
5.584;-2.85;-30;-0.02;0
5.594;-3.15;-30;-0.02;0
5.604;-3.45;-30;-0.02;0
5.614;-3.75;-30;-0.02;0
5.624;-3.9;-15;-0.02;0
5.634;-4.2;-30;-0.02;0
5.644;-4.35;-15;-0.02;0
5.654;-4.5;-15;-0.02;0
5.664;-4.65;-15;-0.02;0
5.674;-4.8;-15;-0.02;0
5.684;-4.95;-15;-0.02;0
5.694;-4.95;0;-0.02;0
5.704;-5.1;-15;-0.02;0
5.713;-5.1;0;-0.02;0
5.724;-5.1;0;-0.02;0
5.736;-5.1;0;-0.02;0
5.744;-5.1;0;-0.02;0
5.756;-5.1;0;-0.02;0
5.764;-5.1;0;-0.02;0
5.774;-4.95;15;-0.02;0
5.784;-4.8;15;-0.02;0
5.793;-4.65;15;-0.02;0
5.804;-4.5;15;-0.02;0
5.813;-4.35;15;-0.02;0
5.824;-4.2;15;-0.02;0
5.834;-3.9;30;-0.02;0
5.844;-3.75;15;-0.02;0
5.854;-3.45;30;-0.02;0
5.864;-3.15;30;-0.02;0
5.874;-2.85;30;-0.02;0
5.884;-2.7;15;-0.02;0
5.894;-2.4;30;-0.02;0
5.906;-1.95;45;-0.02;0
5.914;-1.65;30;-0.02;0
5.924;-1.35;30;-0.02;0
5.934;-1.05;30;-0.02;0
5.944;-0.75;30;-0.02;0
5.954;-0.3;45;-0.02;0
5.964;0;30;-0.02;0
5.974;0.3;30;-0.02;0
5.984;0.6;30;-0.02;0
5.994;1.05;45;-0.02;0
6.004;1.35;30;-0.02;0
6.014;1.65;30;-0.02;0
6.024;1.95;30;-0.02;0
6.034;2.25;30;-0.02;0
6.044;2.55;30;-0.02;0
6.054;2.85;30;-0.02;0
6.064;3.15;30;-0.02;0
6.074;3.45;30;-0.02;0
6.084;3.75;30;-0.02;0
6.094;3.9;15;-0.02;0
6.104;4.2;30;-0.02;0
6.114;4.35;15;-0.02;0
6.124;4.65;30;-0.02;0
6.134;4.8;15;-0.02;0
6.144;4.95;15;-0.02;0
6.154;5.1;15;-0.02;0
6.164;5.1;0;-0.02;0
6.174;5.25;15;-0.02;0
6.184;5.25;0;-0.02;0
6.193;5.4;15;-0.02;0
6.204;5.4;0;-0.02;0
6.257;5.1;-30;-0.02;0
6.258;5.1;0;-0.02;0
6.26;5.1;0;-0.02;0
6.261;5.1;0;-0.02;0
6.262;5.1;0;-0.02;0
6.264;5.1;0;-0.02;0
6.274;4.95;-15;-0.02;0
6.291;4.65;-30;-0.02;0
6.294;4.65;0;-0.02;0
6.304;4.5;-15;-0.02;0
6.313;4.35;-15;-0.02;0
6.324;4.05;-30;-0.02;0
6.334;3.9;-15;-0.02;0
6.344;3.6;-30;-0.02;0
6.354;3.3;-30;-0.02;0
6.364;3.15;-15;-0.02;0
6.377;2.7;-45;-0.02;0
6.383;2.55;-15;-0.02;0
6.394;2.25;-30;-0.02;0
6.404;1.95;-30;-0.02;0
6.414;1.65;-30;-0.02;0
6.424;1.35;-30;-0.02;0
6.434;1.05;-30;-0.02;0
6.444;0.75;-30;-0.02;0
6.454;0.3;-45;-0.02;0
6.464;0;-30;-0.02;0
6.473;-0.3;-30;-0.02;0
6.484;-0.6;-30;-0.02;0
6.494;-0.9;-30;-0.02;0
6.504;-1.2;-30;-0.02;0
6.513;-1.5;-30;-0.02;0
6.524;-1.8;-30;-0.02;0
6.534;-2.1;-30;-0.02;0
6.544;-2.25;-15;-0.02;0
6.554;-2.55;-30;-0.02;0
6.564;-2.85;-30;-0.02;0
6.574;-3;-15;-0.02;0
6.584;-3.3;-30;-0.02;0
6.595;-3.45;-15;-0.02;0
6.604;-3.6;-15;-0.02;0
6.614;-3.75;-15;-0.02;0
6.624;-3.9;-15;-0.02;0
6.634;-4.05;-15;-0.02;0
6.657;-4.35;-30;-0.02;0
6.658;-4.35;0;-0.02;0
6.664;-4.35;0;-0.02;0
6.674;-4.35;0;-0.02;0
6.684;-4.35;0;-0.02;0
6.693;-4.35;0;-0.02;0
6.703;-4.35;0;-0.02;0
6.713;-4.35;0;-0.02;0
6.724;-4.35;0;-0.02;0
6.746;-4.2;15;-0.02;0
6.747;-4.2;0;-0.02;0
6.754;-4.05;15;-0.02;0
6.764;-3.9;15;-0.02;0
6.774;-3.75;15;-0.02;0
6.79;-3.45;30;-0.02;0
6.794;-3.45;0;-0.02;0
6.803;-3.3;15;-0.02;0
6.814;-3;30;-0.02;0
6.824;-2.85;15;-0.02;0
6.834;-2.55;30;-0.02;0
6.845;-2.4;15;-0.02;0
6.854;-2.1;30;-0.02;0
6.864;-1.8;30;-0.02;0
6.874;-1.5;30;-0.02;0
6.884;-1.35;15;-0.02;0
6.894;-1.05;30;-0.02;0
6.904;-0.75;30;-0.02;0
6.914;-0.45;30;-0.02;0
6.924;-0.15;30;-0.02;0
6.934;0.15;30;-0.02;0
6.944;0.45;30;-0.02;0
6.954;0.75;30;-0.02;0
6.964;1.05;30;-0.02;0
6.974;1.35;30;-0.02;0
6.984;1.65;30;-0.02;0
6.994;1.8;15;-0.02;0
7.004;2.1;30;-0.02;0
7.014;2.4;30;-0.02;0
7.024;2.7;30;-0.02;0
7.034;2.85;15;-0.02;0
7.044;3.15;30;-0.02;0
7.058;3.45;30;-0.02;0
7.064;3.45;0;-0.02;0
7.074;3.75;30;-0.02;0
7.083;3.9;15;-0.02;0
7.094;4.05;15;-0.02;0
7.104;4.2;15;-0.02;0
7.115;4.35;15;-0.02;0
7.124;4.35;0;-0.02;0
7.134;4.5;15;-0.02;0
7.144;4.5;0;-0.02;0
7.154;4.65;15;-0.02;0
7.224;4.35;-30;-0.02;0
7.225;4.35;0;-0.02;0
7.226;4.35;0;-0.02;0
7.227;4.35;0;-0.02;0
7.228;4.35;0;-0.02;0
7.229;4.35;0;-0.02;0
7.23;4.35;0;-0.02;0
7.24;4.2;-15;-0.02;0
7.244;4.2;0;-0.02;0
7.254;4.05;-15;-0.02;0
7.272;3.75;-30;-0.02;0
7.274;3.75;0;-0.02;0
7.289;3.45;-30;-0.02;0
7.294;3.45;0;-0.02;0
7.303;3.3;-15;-0.02;0
7.314;3;-30;-0.02;0
7.324;2.85;-15;-0.02;0
7.334;2.55;-30;-0.02;0
7.343;2.4;-15;-0.02;0
7.354;2.1;-30;-0.02;0
7.364;1.8;-30;-0.02;0
7.374;1.5;-30;-0.02;0
7.384;1.35;-15;-0.02;0
7.394;1.05;-30;-0.02;0
7.404;0.75;-30;-0.02;0
7.414;0.45;-30;-0.02;0
7.424;0.3;-15;-0.02;0
7.434;0;-30;-0.02;0
7.444;-0.3;-30;-0.02;0
7.454;-0.6;-30;-0.02;0
7.463;-0.75;-15;-0.02;0
7.474;-1.05;-30;-0.02;0
7.484;-1.35;-30;-0.02;0
7.494;-1.5;-15;-0.02;0
7.504;-1.8;-30;-0.02;0
7.514;-1.95;-15;-0.02;0
7.524;-2.25;-30;-0.02;0
7.533;-2.4;-15;-0.02;0
7.544;-2.55;-15;-0.02;0
7.554;-2.7;-15;-0.02;0
7.563;-2.85;-15;-0.02;0
7.573;-3;-15;-0.02;0
7.583;-3.15;-15;-0.02;0
7.594;-3.3;-15;-0.02;0
7.604;-3.45;-15;-0.02;0
7.614;-3.45;0;-0.02;0
7.624;-3.6;-15;-0.02;0
7.633;-3.6;0;-0.02;0
7.644;-3.6;0;-0.02;0
7.656;-3.6;0;-0.02;0
7.664;-3.6;0;-0.02;0
7.686;-3.6;0;-0.02;0
7.687;-3.6;0;-0.02;0
7.694;-3.6;0;-0.02;0
7.704;-3.45;15;-0.02;0
7.714;-3.45;0;-0.02;0
7.724;-3.3;15;-0.02;0
7.734;-3.15;15;-0.02;0
7.744;-3;15;-0.02;0
7.754;-2.85;15;-0.02;0
7.763;-2.7;15;-0.02;0
7.774;-2.55;15;-0.02;0
7.784;-2.4;15;-0.02;0
7.793;-2.25;15;-0.02;0
7.804;-1.95;30;-0.02;0
7.814;-1.8;15;-0.02;0
7.824;-1.65;15;-0.02;0
7.834;-1.35;30;-0.02;0
7.844;-1.2;15;-0.02;0
7.854;-0.9;30;-0.02;0
7.863;-0.75;15;-0.02;0
7.874;-0.45;30;-0.02;0
7.884;-0.15;30;-0.02;0
7.894;0;15;-0.02;0
7.904;0.3;30;-0.02;0
7.913;0.45;15;-0.02;0
7.924;0.75;30;-0.02;0
7.934;1.05;30;-0.02;0
7.943;1.2;15;-0.02;0
7.953;1.5;30;-0.02;0
7.964;1.65;15;-0.02;0
7.974;1.95;30;-0.02;0
7.988;2.25;30;-0.02;0
7.996;2.4;15;-0.02;0
8.004;2.55;15;-0.02;0
8.016;2.7;15;-0.02;0
8.024;2.85;15;-0.02;0
8.034;3;15;-0.02;0
8.044;3.15;15;-0.02;0
8.054;3.3;15;-0.02;0
8.064;3.45;15;-0.02;0
8.074;3.45;0;-0.02;0
8.084;3.6;15;-0.02;0
8.094;3.75;15;-0.02;0
8.106;3.75;0;-0.02;0
8.114;3.75;0;-0.02;0
8.124;3.9;15;-0.02;0
8.133;3.9;0;-0.02;0
8.143;3.9;0;-0.02;0
8.154;3.9;0;-0.02;0
8.164;3.75;-15;-0.02;0
8.174;3.75;0;-0.02;0
8.184;3.75;0;-0.02;0
8.194;3.6;-15;-0.02;0
8.206;3.45;-15;-0.02;0
8.214;3.45;0;-0.02;0
8.224;3.3;-15;-0.02;0
8.244;3;-30;-0.02;0
8.245;3;0;-0.02;0
8.254;2.85;-15;-0.02;0
8.264;2.7;-15;-0.02;0
8.282;2.4;-30;-0.02;0
8.284;2.4;0;-0.02;0
8.294;2.25;-15;-0.02;0
8.304;2.1;-15;-0.02;0
8.314;1.8;-30;-0.02;0
8.324;1.65;-15;-0.02;0
8.334;1.5;-15;-0.02;0
8.344;1.2;-30;-0.02;0
8.354;1.05;-15;-0.02;0
8.364;0.75;-30;-0.02;0
8.374;0.6;-15;-0.02;0
8.383;0.45;-15;-0.02;0
8.394;0.15;-30;-0.02;0
8.403;0;-15;-0.02;0
8.414;-0.3;-30;-0.02;0
8.424;-0.45;-15;-0.02;0
8.434;-0.75;-30;-0.02;0
8.444;-0.9;-15;-0.02;0
8.454;-1.05;-15;-0.02;0
8.463;-1.2;-15;-0.02;0
8.474;-1.5;-30;-0.02;0
8.484;-1.65;-15;-0.02;0
8.495;-1.8;-15;-0.02;0
8.504;-1.95;-15;-0.02;0
8.514;-2.1;-15;-0.02;0
8.524;-2.25;-15;-0.02;0
8.534;-2.4;-15;-0.02;0
8.544;-2.4;0;-0.02;0
8.554;-2.55;-15;-0.02;0
8.564;-2.7;-15;-0.02;0
8.574;-2.7;0;-0.02;0
8.584;-2.7;0;-0.02;0
8.593;-2.85;-15;-0.02;0
8.603;-2.85;0;-0.02;0
8.614;-2.85;0;-0.02;0
8.626;-2.85;0;-0.02;0
8.634;-2.85;0;-0.02;0
8.643;-2.85;0;-0.02;0
8.653;-2.85;0;-0.02;0
8.664;-2.7;15;-0.02;0
8.674;-2.7;0;-0.02;0
8.684;-2.55;15;-0.02;0
8.713;-2.25;30;-0.02;0
8.714;-2.25;0;-0.02;0
8.715;-2.25;0;-0.02;0
8.724;-2.1;15;-0.02;0
8.737;-1.95;15;-0.02;0
8.744;-1.95;0;-0.02;0
8.753;-1.8;15;-0.02;0
8.764;-1.65;15;-0.02;0
8.774;-1.5;15;-0.02;0
8.784;-1.2;30;-0.02;0
8.793;-1.05;15;-0.02;0
8.804;-0.9;15;-0.02;0
8.814;-0.75;15;-0.02;0
8.824;-0.6;15;-0.02;0
8.833;-0.45;15;-0.02;0
8.844;-0.15;30;-0.02;0
8.854;0;15;-0.02;0
8.863;0.15;15;-0.02;0
8.874;0.45;30;-0.02;0
8.884;0.6;15;-0.02;0
8.894;0.75;15;-0.02;0
8.904;0.9;15;-0.02;0
8.913;1.05;15;-0.02;0
8.924;1.35;30;-0.02;0
8.934;1.5;15;-0.02;0
8.944;1.65;15;-0.02;0
8.954;1.8;15;-0.02;0
8.964;1.95;15;-0.02;0
8.974;2.1;15;-0.02;0
8.984;2.25;15;-0.02;0
8.994;2.4;15;-0.02;0
9.004;2.55;15;-0.02;0
9.014;2.55;0;-0.02;0
9.023;2.7;15;-0.02;0
9.033;2.7;0;-0.02;0
9.044;2.85;15;-0.02;0
9.054;2.85;0;-0.02;0
9.064;3;15;-0.02;0
9.156;2.85;-15;-0.02;0
9.157;2.85;0;-0.02;0
9.158;2.85;0;-0.02;0
9.159;2.85;0;-0.02;0
9.16;2.85;0;-0.02;0
9.161;2.85;0;-0.02;0
9.162;2.85;0;-0.02;0
9.172;2.7;-15;-0.02;0
9.173;2.7;0;-0.02;0
9.189;2.55;-15;-0.02;0
9.19;2.55;0;-0.02;0
9.191;2.55;0;-0.02;0
9.194;2.55;0;-0.02;0
9.204;2.4;-15;-0.02;0
9.213;2.4;0;-0.02;0
9.224;2.25;-15;-0.02;0
9.234;2.1;-15;-0.02;0
9.244;1.95;-15;-0.02;0
9.254;1.8;-15;-0.02;0
9.264;1.65;-15;-0.02;0
9.274;1.5;-15;-0.02;0
9.284;1.35;-15;-0.02;0
9.294;1.2;-15;-0.02;0
9.304;1.05;-15;-0.02;0
9.314;0.9;-15;-0.02;0
9.323;0.75;-15;-0.02;0
9.334;0.6;-15;-0.02;0
9.343;0.45;-15;-0.02;0
9.354;0.3;-15;-0.02;0
9.363;0.15;-15;-0.02;0
9.374;-0.15;-30;-0.02;0
9.384;-0.3;-15;-0.02;0
9.394;-0.45;-15;-0.02;0
9.404;-0.6;-15;-0.02;0
9.414;-0.75;-15;-0.02;0
9.435;-1.05;-30;-0.02;0
9.436;-1.05;0;-0.02;0
9.444;-1.05;0;-0.02;0
9.454;-1.2;-15;-0.02;0
9.472;-1.5;-30;-0.02;0
9.474;-1.5;0;-0.02;0
9.484;-1.5;0;-0.02;0
9.494;-1.65;-15;-0.02;0
9.526;-1.95;-30;-0.02;0
9.527;-1.95;0;-0.02;0
9.568;-2.1;-15;-0.02;0
9.569;-2.1;0;-0.02;0
9.571;-2.1;0;-0.02;0
9.572;-2.1;0;-0.02;0
9.573;-2.1;0;-0.02;0
9.574;-2.1;0;-0.02;0
9.583;-2.1;0;-0.02;0
9.594;-2.1;0;-0.02;0
9.606;-1.95;15;-0.02;0
9.614;-1.95;0;-0.02;0
9.636;-1.95;0;-0.02;0
9.637;-1.95;0;-0.02;0
9.644;-1.8;15;-0.02;0
9.654;-1.8;0;-0.02;0
9.666;-1.65;15;-0.02;0
9.674;-1.65;0;-0.02;0
9.684;-1.5;15;-0.02;0
9.694;-1.5;0;-0.02;0
9.703;-1.35;15;-0.02;0
9.714;-1.2;15;-0.02;0
9.724;-1.05;15;-0.02;0
9.733;-1.05;0;-0.02;0
9.744;-0.9;15;-0.02;0
9.754;-0.75;15;-0.02;0
9.763;-0.6;15;-0.02;0
9.774;-0.45;15;-0.02;0
9.793;-0.15;30;-0.02;0
9.794;-0.15;0;-0.02;0
9.804;0;15;-0.02;0
9.814;0.15;15;-0.02;0
9.823;0.15;0;-0.02;0
9.833;0.3;15;-0.02;0
9.844;0.45;15;-0.02;0
9.854;0.6;15;-0.02;0
9.863;0.75;15;-0.02;0
9.874;0.9;15;-0.02;0
9.883;1.05;15;-0.02;0
9.894;1.2;15;-0.02;0
9.907;1.35;15;-0.02;0
9.914;1.35;0;-0.02;0
9.924;1.5;15;-0.02;0
9.934;1.5;0;-0.02;0
9.944;1.65;15;-0.02;0
9.97;1.95;30;-0.02;0
9.971;1.95;0;-0.02;0
9.974;1.95;0;-0.02;0
9.984;1.95;0;-0.02;0
9.994;2.1;15;-0.02;0
10.004;2.1;0;-0.02;0
10.013;2.1;0;-0.02;0
10.024;2.1;0;-0.02;0
10.034;2.25;15;-0.02;0
10.044;2.25;0;-0.02;0
10.066;2.25;0;-0.02;0
10.067;2.25;0;-0.02;0
10.076;2.25;0;-0.02;0
10.084;2.25;0;-0.02;0
10.094;2.1;-15;-0.02;0
10.15;1.8;-30;-0.02;0
10.151;1.8;0;-0.02;0
10.156;1.8;0;-0.02;0
10.157;1.8;0;-0.02;0
10.168;1.65;-15;-0.02;0
10.169;1.65;0;-0.02;0
10.171;1.65;0;-0.02;0
10.174;1.65;0;-0.02;0
10.184;1.65;0;-0.02;0
10.202;1.35;-30;-0.02;0
10.204;1.35;0;-0.02;0
10.217;1.2;-15;-0.02;0
10.224;1.2;0;-0.02;0
10.234;1.05;-15;-0.02;0
10.244;0.9;-15;-0.02;0
10.258;0.75;-15;-0.02;0
10.268;0.75;0;-0.02;0
10.274;0.6;-15;-0.02;0
10.286;0.45;-15;-0.02;0
10.294;0.45;0;-0.02;0
10.304;0.3;-15;-0.02;0
10.314;0.15;-15;-0.02;0
10.328;0;-15;-0.02;0
10.333;0;0;-0.02;0
10.344;-0.15;-15;-0.02;0
10.354;-0.15;0;-0.02;0
10.364;-0.3;-15;-0.02;0
10.374;-0.45;-15;-0.02;0
10.39;-0.6;-15;-0.02;0
10.394;-0.6;0;-0.02;0
10.406;-0.75;-15;-0.02;0
10.416;-0.75;0;-0.02;0
10.424;-0.75;0;-0.02;0
10.434;-0.9;-15;-0.02;0
10.444;-0.9;0;-0.02;0
10.454;-1.05;-15;-0.02;0
10.464;-1.05;0;-0.02;0
10.473;-1.05;0;-0.02;0
10.484;-1.05;0;-0.02;0
10.494;-1.05;0;-0.02;0
10.504;-1.2;-15;-0.02;0
10.513;-1.2;0;-0.02;0
10.523;-1.2;0;-0.02;0
10.533;-1.2;0;-0.02;0
10.544;-1.2;0;-0.02;0
10.554;-1.2;0;-0.02;0
10.564;-1.2;0;-0.02;0
10.574;-1.05;15;-0.02;0
10.586;-1.05;0;-0.02;0
10.594;-1.05;0;-0.02;0
10.604;-1.05;0;-0.02;0
10.614;-0.9;15;-0.02;0
10.624;-0.9;0;-0.02;0
10.634;-0.75;15;-0.02;0
10.644;-0.75;0;-0.02;0
10.654;-0.75;0;-0.02;0
10.663;-0.6;15;-0.02;0
10.673;-0.6;0;-0.02;0
10.684;-0.45;15;-0.02;0
10.695;-0.3;15;-0.02;0
10.704;-0.3;0;-0.02;0
10.714;-0.15;15;-0.02;0
10.728;-0.15;0;-0.02;0
10.734;0;15;-0.02;0
10.748;0.15;15;-0.02;0
10.766;0.3;15;-0.02;0
10.767;0.3;0;-0.02;0
10.774;0.3;0;-0.02;0
10.783;0.3;0;-0.02;0
10.794;0.45;15;-0.02;0
10.804;0.6;15;-0.02;0
10.814;0.6;0;-0.02;0
10.824;0.75;15;-0.02;0
10.833;0.75;0;-0.02;0
10.843;0.75;0;-0.02;0
10.853;0.9;15;-0.02;0
10.863;0.9;0;-0.02;0
10.874;1.05;15;-0.02;0
10.883;1.05;0;-0.02;0
10.894;1.05;0;-0.02;0
10.904;1.2;15;-0.02;0
10.913;1.2;0;-0.02;0
10.923;1.2;0;-0.02;0
10.933;1.2;0;-0.02;0
10.944;1.2;0;-0.02;0
10.954;1.2;0;-0.02;0
10.964;1.2;0;-0.02;0
10.974;1.35;15;-0.02;0
10.983;1.35;0;-0.02;0
10.994;1.35;0;-0.02;0
11.004;1.35;0;-0.02;0
11.014;1.2;-15;-0.02;0
11.023;1.2;0;-0.02;0
11.033;1.2;0;-0.02;0
11.043;1.2;0;-0.02;0
11.054;1.2;0;-0.02;0
11.064;1.05;-15;-0.02;0
11.086;1.05;0;-0.02;0
11.087;1.05;0;-0.02;0
11.096;0.9;-15;-0.02;0
11.126;0.75;-15;-0.02;0
11.127;0.75;0;-0.02;0
11.128;0.75;0;-0.02;0
11.134;0.75;0;-0.02;0
11.144;0.75;0;-0.02;0
11.154;0.6;-15;-0.02;0
11.164;0.6;0;-0.02;0
11.174;0.45;-15;-0.02;0
11.196;0.45;0;-0.02;0
11.197;0.3;-15;-0.02;0
11.204;0.3;0;-0.02;0
11.214;0.3;0;-0.02;0
11.224;0.15;-15;-0.02;0
11.234;0.15;0;-0.02;0
11.247;0.15;0;-0.02;0
11.254;0;-15;-0.02;0
11.264;0;0;-0.02;0
11.288;-0.15;-15;-0.02;0
11.289;-0.15;0;-0.02;0
11.294;-0.15;0;-0.02;0
11.455;-0.15;0;-0.02;0
11.456;-0.15;0;-0.02;0
11.457;-0.15;0;-0.02;0
11.458;-0.15;0;-0.02;0
11.509;0;15;-0.02;0
11.51;0;0;-0.02;0
11.589;0.3;30;-0.02;0
11.59;0.3;0;-0.02;0
11.599;0.3;0;-0.02;0
11.6;0.3;0;-0.02;0
11.619;0.45;15;-0.02;0
11.62;0.45;0;-0.02;0
11.621;0.45;0;-0.02;0
11.639;0.6;15;-0.02;0
11.659;0.6;0;-0.02;0
11.66;0.6;0;-0.02;0
11.661;0.6;0;-0.02;0
11.662;0.6;0;-0.02;0
11.663;0.6;0;-0.02;0
11.664;0.6;0;-0.02;0
11.674;0.6;0;-0.02;0
11.675;0.6;0;-0.02;0
11.676;0.6;0;-0.02;0
11.692;0.75;15;-0.02;0
11.693;0.75;0;-0.02;0
11.707;0.75;0;-0.02;0
11.708;0.75;0;-0.02;0
11.71;0.75;0;-0.02;0
11.711;0.75;0;-0.02;0
11.713;0.75;0;-0.02;0
11.714;0.75;0;-0.02;0
11.716;0.75;0;-0.02;0
11.717;0.75;0;-0.02;0
11.727;0.75;0;-0.02;0
11.728;0.75;0;-0.02;0
11.729;0.75;0;-0.02;0
11.73;0.75;0;-0.02;0
11.732;0.75;0;-0.02;0
11.733;0.75;0;-0.02;0
11.735;0.75;0;-0.02;0
11.736;0.75;0;-0.02;0
11.747;0.75;0;-0.02;0
11.748;0.75;0;-0.02;0
11.749;0.75;0;-0.02;0
11.75;0.75;0;-0.02;0
11.754;0.75;0;-0.02;0
11.764;0.75;0;-0.02;0
11.774;0.75;0;-0.02;0
11.783;0.75;0;-0.02;0
11.793;0.75;0;-0.02;0
11.804;0.75;0;-0.02;0
11.814;0.75;0;-0.02;0
11.87;0.45;-30;-0.02;0
11.871;0.45;0;-0.02;0
11.872;0.45;0;-0.02;0
11.876;0.45;0;-0.02;0
11.877;0.45;0;-0.02;0
11.906;0.45;0;-0.02;0
11.907;0.45;0;-0.02;0
11.916;0.3;-15;-0.02;0
11.936;0.3;0;-0.02;0
11.937;0.3;0;-0.02;0
11.946;0.3;0;-0.02;0
11.947;0.3;0;-0.02;0
11.948;0.3;0;-0.02;0
11.954;0.3;0;-0.02;0
11.964;0.3;0;-0.02;0
11.974;0.15;-15;-0.02;0
11.984;0.15;0;-0.02;0
12.038;0;-15;-0.02;0
12.039;0;0;-0.02;0
12.041;0;0;-0.02;0
12.042;0;0;-0.02;0
12.043;0;0;-0.02;0
12.044;0;0;-0.02;0
12.053;0;0;-0.02;0
12.064;0;0;-0.02;0
12.076;0;0;-0.02;0
12.084;0;0;-0.02;0
12.096;0;0;-0.02;0
12.104;0;0;-0.02;0
12.126;0;0;-0.02;0
12.127;0;0;-0.02;0
12.134;0;0;-0.02;0
12.146;0;0;-0.02;0
12.154;0;0;-0.02;0
12.163;0;0;-0.02;0
12.173;0;0;-0.02;0
12.184;0.15;15;-0.02;0
12.194;0.15;0;-0.02;0
12.204;0.15;0;-0.02;0
12.228;0.15;0;-0.02;0
12.229;0.15;0;-0.02;0
12.234;0.15;0;-0.02;0
12.244;0.3;15;-0.02;0
12.254;0.3;0;-0.02;0
12.278;0.3;0;-0.02;0
12.279;0.3;0;-0.02;0
12.298;0.3;0;-0.02;0
12.299;0.3;0;-0.02;0
12.304;0.3;0;-0.02;0
12.317;0.45;15;-0.02;0
12.324;0.45;0;-0.02;0
12.334;0.45;0;-0.02;0
12.343;0.45;0;-0.02;0
12.354;0.45;0;-0.02;0
12.364;0.45;0;-0.02;0
12.374;0.45;0;-0.02;0
12.384;0.45;0;-0.02;0
12.394;0.45;0;-0.02;0
12.404;0.45;0;-0.02;0
12.414;0.45;0;-0.02;0
12.424;0.45;0;-0.02;0
12.434;0.45;0;-0.02;0
12.444;0.45;0;-0.02;0
12.454;0.45;0;-0.02;0
12.464;0.45;0;-0.02;0
12.474;0.45;0;-0.02;0
12.484;0.45;0;-0.02;0
12.494;0.45;0;-0.02;0
12.504;0.45;0;-0.02;0
12.514;0.45;0;-0.02;0
12.524;0.45;0;-0.02;0
12.534;0.45;0;-0.02;0
12.544;0.45;0;-0.02;0
12.554;0.45;0;-0.02;0
12.564;0.45;0;-0.02;0
12.574;0.45;0;-0.02;0
12.584;0.3;-15;-0.02;0
12.594;0.3;0;-0.02;0
12.604;0.3;0;-0.02;0
12.613;0.3;0;-0.02;0
12.624;0.3;0;-0.02;0
12.634;0.3;0;-0.02;0
12.644;0.3;0;-0.02;0
12.654;0.3;0;-0.02;0
12.664;0.3;0;-0.02;0
12.674;0.3;0;-0.02;0
12.684;0.3;0;-0.02;0
12.694;0.3;0;-0.02;0
12.704;0.3;0;-0.02;0
12.714;0.15;-15;-0.02;0
12.724;0.15;0;-0.02;0
12.734;0.15;0;-0.02;0
12.744;0.15;0;-0.02;0
12.754;0.15;0;-0.02;0
12.764;0.15;0;-0.02;0
12.774;0.15;0;-0.02;0
12.784;0.15;0;-0.02;0
12.794;0.15;0;-0.02;0
12.804;0.15;0;-0.02;0
12.814;0.15;0;-0.02;0
12.824;0.15;0;-0.02;0
12.834;0.15;0;-0.02;0
12.844;0.15;0;-0.02;0
12.854;0.15;0;-0.02;0
12.864;0.3;15;-0.02;0
12.874;0.3;0;-0.02;0
12.884;0.3;0;-0.02;0
12.894;0.3;0;-0.02;0
12.904;0.3;0;-0.02;0
12.914;0.3;0;-0.02;0
12.924;0.3;0;-0.02;0
12.934;0.3;0;-0.02;0
12.944;0.3;0;-0.02;0
12.954;0.3;0;-0.02;0
12.964;0.3;0;-0.02;0
12.974;0.3;0;-0.02;0
12.984;0.3;0;-0.02;0
12.997;0.3;0;-0.02;0
13.004;0.3;0;-0.02;0
13.014;0.3;0;-0.02;0
13.023;0.3;0;-0.02;0
13.033;0.3;0;-0.02;0
13.043;0.3;0;-0.02;0
13.053;0.3;0;-0.02;0
13.064;0.3;0;-0.02;0
13.074;0.3;0;-0.02;0
13.084;0.3;0;-0.02;0
13.094;0.3;0;-0.02;0
13.104;0.3;0;-0.02;0
13.114;0.3;0;-0.02;0
13.124;0.3;0;-0.02;0
13.134;0.3;0;-0.02;0
13.144;0.3;0;-0.02;0
13.154;0.3;0;-0.02;0
13.164;0.3;0;-0.02;0
13.174;0.3;0;-0.02;0
13.184;0.3;0;-0.02;0
13.194;0.3;0;-0.02;0
13.204;0.3;0;-0.02;0
13.214;0.3;0;-0.02;0
13.224;0.3;0;-0.02;0
13.234;0.3;0;-0.02;0
13.244;0.3;0;-0.02;0
13.254;0.3;0;-0.02;0
13.264;0.3;0;-0.02;0
