0.234;0;0;0;0.02
0.244;-0.15;-15;0;0.06
0.254;-0.45;-30;0;0.09
0.264;-0.75;-30;0;0.12
0.274;-1.05;-30;0;0.15
0.284;-1.5;-45;0.01;0.18
0.294;-1.95;-45;0.01;0.2
0.304;-2.55;-60;0.01;0.21
0.314;-3.15;-60;0.01;0.23
0.324;-3.75;-60;0.02;0.25
0.334;-4.35;-60;0.02;0.26
0.344;-4.8;-45;0.02;0.27
0.354;-5.4;-60;0.02;0.29
0.363;-6;-60;0.03;0.26
0.374;-6.6;-60;0.03;0.33
0.384;-7.2;-60;0.03;0.31
0.394;-7.8;-60;0.04;0.32
0.404;-8.25;-45;0.04;0.32
0.414;-8.85;-60;0.04;0.33
0.423;-9.15;-30;0.04;0.28
0.434;-9.6;-45;0.05;0.3
0.444;-9.75;-15;0.05;0.23
0.454;-9.75;0;0.05;0.2
0.464;-9.75;0;0.05;0.18
0.473;-9.6;15;0.06;0.14
0.484;-9.45;15;0.06;0.15
0.493;-9.15;30;0.06;0.12
0.504;-8.85;30;0.06;0.13
0.514;-8.4;45;0.06;0.1
0.524;-7.95;45;0.06;0.1
0.534;-7.35;60;0.06;0.1
0.544;-6.9;45;0.06;0.08
0.553;-6.3;60;0.06;0.06
0.564;-5.55;75;0.06;0.08
0.574;-4.95;60;0.07;0.06
0.584;-4.35;60;0.07;0.06
0.594;-3.6;75;0.07;0.06
0.604;-2.85;75;0.07;0.05
0.614;-1.95;90;0.07;0.04
0.624;-1.2;75;0.07;0.04
0.633;-0.45;75;0.07;0.03
0.644;0.6;105;0.07;0.03
0.654;1.35;75;0.07;0.03
0.664;2.25;90;0.07;0.02
0.674;3;75;0.07;0.01
0.684;3.9;90;0.07;0.01
0.694;4.65;75;0.07;0
0.704;5.55;90;0.07;0
0.714;6.3;75;0.07;0
0.724;7.2;90;0.07;0
0.734;7.95;75;0.07;0
0.744;8.55;60;0.07;0
0.753;9.3;75;0.07;0
0.764;9.9;60;0.07;0
0.774;10.5;60;0.07;0
0.784;11.1;60;0.07;0
0.794;11.55;45;0.07;0
0.804;12;45;0.07;0
0.814;12.45;45;0.07;0
0.824;12.75;30;0.07;0
0.834;13.05;30;0.07;0
0.843;13.2;15;0.07;0
0.853;13.35;15;0.07;0
0.864;13.5;15;0.07;0
0.874;13.65;15;0.07;0
0.883;13.65;0;0.07;0
0.894;13.65;0;0.07;0
0.908;13.35;-30;0.07;0
0.914;13.35;0;0.07;0
0.924;13.05;-30;0.07;0
0.934;12.75;-30;0.07;0
0.944;12.45;-30;0.07;0
0.954;12;-45;0.07;0
0.964;11.55;-45;0.07;0
0.974;11.1;-45;0.07;0
0.984;10.5;-60;0.07;0
0.993;10.05;-45;0.07;0
1.004;9.3;-75;0.07;0
1.014;8.7;-60;0.07;0
1.024;8.1;-60;0.07;0
1.034;7.35;-75;0.07;0
1.044;6.45;-90;0.07;0
1.054;5.7;-75;0.07;0
1.064;4.95;-75;0.07;0
1.074;4.05;-90;0.07;0
1.083;3.3;-75;0.07;0
1.094;2.4;-90;0.07;0
1.104;1.5;-90;0.07;0
1.114;0.6;-90;0.07;0
1.124;-0.3;-90;0.07;0
1.134;-1.2;-90;0.07;0
1.144;-1.95;-75;0.07;0
1.153;-2.85;-90;0.07;0
1.164;-3.75;-90;0.07;0
1.174;-4.5;-75;0.07;0
1.184;-5.4;-90;0.07;0
1.194;-6.15;-75;0.07;0
1.204;-7.05;-90;0.07;0
1.214;-7.8;-75;0.07;0
1.224;-8.4;-60;0.07;0
1.234;-9.15;-75;0.07;0
1.244;-9.75;-60;0.07;0
1.254;-10.35;-60;0.07;0
1.264;-10.8;-45;0.07;0
1.274;-11.25;-45;0.07;0
1.284;-11.7;-45;0.07;0
1.294;-12.15;-45;0.07;0
1.303;-12.45;-30;0.07;0
1.314;-12.9;-45;0.07;0
1.324;-13.05;-15;0.07;0
1.334;-13.35;-30;0.07;0
1.343;-13.35;0;0.07;0
1.353;-13.5;-15;0.07;0
1.364;-13.5;0;0.07;0
1.374;-13.5;0;0.07;0
1.384;-13.35;15;0.07;0
1.393;-13.2;15;0.07;0
1.404;-13.05;15;0.07;0
1.414;-12.75;30;0.07;0
1.424;-12.45;30;0.07;0
1.434;-12.15;30;0.07;0
1.444;-11.7;45;0.07;0
1.454;-11.25;45;0.07;0
1.464;-10.8;45;0.07;0
1.474;-10.2;60;0.07;0
1.484;-9.6;60;0.07;0
1.494;-9;60;0.07;0
1.504;-8.25;75;0.07;0
1.514;-7.65;60;0.07;0
1.524;-6.9;75;0.07;0
1.534;-6.15;75;0.07;0
1.544;-5.4;75;0.07;0
1.554;-4.5;90;0.07;0
1.564;-3.75;75;0.07;0
1.574;-2.85;90;0.07;0
1.584;-2.1;75;0.07;0
1.594;-1.2;90;0.07;0
1.603;-0.45;75;0.07;0
1.614;0.45;90;0.07;0
1.624;1.35;90;0.07;0
1.634;2.25;90;0.07;0
1.644;3.15;90;0.07;0
1.654;3.9;75;0.07;0
1.664;4.65;75;0.07;0
1.674;5.4;75;0.07;0
1.684;6.15;75;0.07;0
1.694;6.9;75;0.07;0
1.704;7.65;75;0.07;0
1.714;8.25;60;0.07;0
1.724;8.85;60;0.07;0
1.734;9.45;60;0.07;0
1.743;10.05;60;0.07;0
1.754;10.65;60;0.07;0
1.764;11.1;45;0.07;0
1.774;11.4;30;0.07;0
1.784;11.85;45;0.07;0
1.794;12.15;30;0.07;0
1.804;12.3;15;0.07;0
1.814;12.6;30;0.07;0
1.824;12.75;15;0.07;0
1.834;12.75;0;0.07;0
1.844;12.9;15;0.07;0
1.863;12.75;-15;0.07;0
1.864;12.75;0;0.07;0
1.874;12.75;0;0.07;0
1.885;12.45;-30;0.07;0
1.894;12.3;-15;0.07;0
1.904;12;-30;0.07;0
1.914;11.7;-30;0.07;0
1.924;11.25;-45;0.07;0
1.934;10.8;-45;0.07;0
1.944;10.35;-45;0.07;0
1.954;9.75;-60;0.07;0
1.963;9.3;-45;0.07;0
1.974;8.7;-60;0.07;0
1.984;8.1;-60;0.07;0
1.994;7.35;-75;0.07;0
2.004;6.75;-60;0.07;0
2.014;6;-75;0.07;0
2.024;5.25;-75;0.07;0
2.034;4.5;-75;0.07;0
2.044;3.6;-90;0.07;0
2.054;2.85;-75;0.07;0
2.064;1.95;-90;0.07;0
2.074;1.2;-75;0.07;0
2.084;0.3;-90;0.07;0
2.094;-0.45;-75;0.07;0
2.103;-1.2;-75;0.07;0
2.114;-2.1;-90;0.07;0
2.124;-3;-90;0.07;0
2.134;-3.75;-75;0.07;0
2.144;-4.5;-75;0.07;0
2.154;-5.25;-75;0.07;0
2.164;-6;-75;0.07;0
2.174;-6.75;-75;0.07;0
2.184;-7.5;-75;0.07;0
2.194;-8.1;-60;0.07;0
2.204;-8.7;-60;0.07;0
2.214;-9.3;-60;0.07;0
2.224;-9.9;-60;0.07;0
2.234;-10.35;-45;0.07;0
2.244;-10.8;-45;0.07;0
2.254;-11.25;-45;0.07;0
2.264;-11.55;-30;0.07;0
2.274;-12;-45;0.07;0
2.284;-12.15;-15;0.07;0
2.294;-12.45;-30;0.07;0
2.303;-12.6;-15;0.07;0
2.314;-12.75;-15;0.07;0
2.323;-12.75;0;0.07;0
2.334;-12.75;0;0.07;0
2.344;-12.75;0;0.07;0
2.354;-12.6;15;0.07;0
2.363;-12.45;15;0.07;0
2.374;-12.3;15;0.07;0
2.384;-12;30;0.07;0
2.394;-11.7;30;0.07;0
2.404;-11.4;30;0.07;0
2.414;-10.95;45;0.07;0
2.424;-10.5;45;0.07;0
2.434;-10.05;45;0.07;0
2.444;-9.6;45;0.07;0
2.454;-9;60;0.07;0
2.464;-8.4;60;0.07;0
2.474;-7.65;75;0.07;0
2.484;-7.05;60;0.07;0
2.494;-6.3;75;0.07;0
2.504;-5.55;75;0.07;0
2.514;-4.8;75;0.07;0
2.524;-4.05;75;0.07;0
2.534;-3.3;75;0.07;0
2.544;-2.55;75;0.07;0
2.554;-1.8;75;0.07;0
2.564;-0.9;90;0.07;0
2.574;-0.15;75;0.07;0
2.584;0.75;90;0.07;0
2.594;1.5;75;0.07;0
2.604;2.25;75;0.07;0
2.613;3;75;0.07;0
2.624;3.9;90;0.07;0
2.634;4.65;75;0.07;0
2.644;5.4;75;0.07;0
2.654;6;60;0.07;0
2.664;6.75;75;0.07;0
2.674;7.35;60;0.07;0
2.684;7.95;60;0.07;0
2.694;8.55;60;0.07;0
2.704;9.15;60;0.07;0
2.714;9.6;45;0.07;0
2.724;10.05;45;0.07;0
2.734;10.5;45;0.07;0
2.744;10.95;45;0.07;0
2.754;11.25;30;0.07;0
2.764;11.55;30;0.07;0
2.774;11.7;15;0.07;0
2.784;11.85;15;0.07;0
2.794;12;15;0.07;0
2.804;12.15;15;0.07;0
2.814;12.15;0;0.07;0
2.824;12.15;0;0.07;0
2.834;12;-15;0.07;0
2.844;11.85;-15;0.07;0
2.854;11.7;-15;0.07;0
2.864;11.55;-15;0.07;0
2.874;11.25;-30;0.07;0
2.884;10.95;-30;0.07;0
2.894;10.5;-45;0.07;0
2.904;10.05;-45;0.07;0
2.914;9.6;-45;0.07;0
2.924;9.15;-45;0.07;0
2.934;8.55;-60;0.07;0
2.944;7.95;-60;0.07;0
2.954;7.35;-60;0.07;0
2.964;6.75;-60;0.07;0
2.974;6.15;-60;0.07;0
2.984;5.4;-75;0.07;0
2.994;4.65;-75;0.07;0
3.003;4.05;-60;0.07;0
3.014;3.3;-75;0.07;0
3.024;2.4;-90;0.07;0
3.034;1.65;-75;0.07;0
3.044;0.9;-75;0.07;0
3.054;0.15;-75;0.07;0
3.064;-0.75;-90;0.07;0
3.074;-1.5;-75;0.07;0
3.084;-2.25;-75;0.07;0
3.094;-3;-75;0.07;0
3.104;-3.75;-75;0.07;0
3.114;-4.5;-75;0.07;0
3.124;-5.25;-75;0.07;0
3.134;-5.85;-60;0.07;0
3.144;-6.6;-75;0.07;0
3.154;-7.2;-60;0.07;0
3.164;-7.8;-60;0.07;0
3.174;-8.4;-60;0.07;0
3.184;-9;-60;0.07;0
3.193;-9.45;-45;0.07;0
3.204;-9.9;-45;0.07;0
3.214;-10.35;-45;0.07;0
3.224;-10.65;-30;0.07;0
3.235;-11.1;-45;0.07;0
3.244;-11.4;-30;0.07;0
3.254;-11.55;-15;0.07;0
3.263;-11.7;-15;0.07;0
3.274;-11.85;-15;0.07;0
3.283;-12;-15;0.07;0
3.294;-12;0;0.07;0
3.304;-12;0;0.07;0
3.314;-12;0;0.07;0
3.324;-11.85;15;0.07;0
3.334;-11.7;15;0.07;0
3.344;-11.55;15;0.07;0
3.354;-11.25;30;0.07;0
3.364;-10.95;30;0.07;0
3.374;-10.65;30;0.07;0
3.384;-10.2;45;0.07;0
3.394;-9.75;45;0.07;0
3.404;-9.3;45;0.07;0
3.414;-8.85;45;0.07;0
3.424;-8.25;60;0.07;0
3.434;-7.65;60;0.07;0
3.444;-7.05;60;0.07;0
3.454;-6.45;60;0.07;0
3.464;-5.7;75;0.07;0
3.474;-5.1;60;0.07;0
3.484;-4.35;75;0.07;0
3.494;-3.6;75;0.07;0
3.504;-2.85;75;0.07;0
3.514;-2.1;75;0.07;0
3.524;-1.35;75;0.07;0
3.534;-0.6;75;0.07;0
3.544;0.15;75;0.07;0
3.553;0.75;60;0.07;0
3.564;1.65;90;0.07;0
3.574;2.4;75;0.07;0
3.584;3.15;75;0.07;0
3.594;3.9;75;0.07;0
3.604;4.5;60;0.07;0
3.613;5.1;60;0.07;0
3.624;5.85;75;0.07;0
3.634;6.45;60;0.07;0
3.644;7.05;60;0.07;0
3.653;7.65;60;0.07;0
3.664;8.25;60;0.07;0
3.674;8.7;45;0.07;0
3.684;9.15;45;0.07;0
3.694;9.6;45;0.07;0
3.704;10.05;45;0.07;0
3.714;10.35;30;0.07;0
3.724;10.65;30;0.07;0
3.734;10.95;30;0.07;0
3.743;11.1;15;0.07;0
3.754;11.25;15;0.07;0
3.764;11.4;15;0.07;0
3.774;11.4;0;0.07;0
3.784;11.4;0;0.07;0
3.796;11.4;0;0.07;0
3.804;11.25;-15;0.07;0
3.813;11.1;-15;0.07;0
3.824;10.95;-15;0.07;0
3.833;10.8;-15;0.07;0
3.844;10.5;-30;0.07;0
3.854;10.2;-30;0.07;0
3.864;9.75;-45;0.07;0
3.874;9.45;-30;0.07;0
3.884;8.85;-60;0.07;0
3.894;8.4;-45;0.07;0
3.904;7.95;-45;0.07;0
3.914;7.35;-60;0.07;0
3.924;6.75;-60;0.07;0
3.934;6.15;-60;0.07;0
3.944;5.55;-60;0.07;0
3.954;4.8;-75;0.07;0
3.964;4.2;-60;0.07;0
3.974;3.45;-75;0.07;0
3.984;2.85;-60;0.07;0
3.994;2.1;-75;0.07;0
4.004;1.35;-75;0.07;0
4.014;0.6;-75;0.07;0
4.024;-0.15;-75;0.07;0
4.034;-0.9;-75;0.07;0
4.044;-1.65;-75;0.07;0
4.054;-2.4;-75;0.07;0
4.064;-3;-60;0.07;0
4.074;-3.75;-75;0.07;0
4.084;-4.5;-75;0.07;0
4.093;-5.1;-60;0.07;0
4.104;-5.7;-60;0.07;0
4.114;-6.3;-60;0.07;0
4.124;-6.9;-60;0.07;0
4.134;-7.5;-60;0.07;0
4.144;-8.1;-60;0.07;0
4.154;-8.55;-45;0.07;0
4.164;-9;-45;0.07;0
4.174;-9.45;-45;0.07;0
4.184;-9.9;-45;0.07;0
4.194;-10.2;-30;0.07;0
4.204;-10.5;-30;0.07;0
4.214;-10.8;-30;0.07;0
4.224;-10.95;-15;0.07;0
4.234;-11.1;-15;0.07;0
4.244;-11.25;-15;0.07;0
4.254;-11.25;0;0.07;0
4.264;-11.25;0;0.07;0
4.274;-11.25;0;0.07;0
4.283;-11.25;0;0.07;0
4.293;-11.1;15;0.07;0
4.304;-10.95;15;0.07;0
4.314;-10.8;15;0.07;0
4.324;-10.5;30;0.07;0
4.333;-10.2;30;0.07;0
4.344;-9.9;30;0.07;0
4.354;-9.45;45;0.07;0
4.364;-9;45;0.07;0
4.374;-8.55;45;0.07;0
4.384;-8.1;45;0.07;0
4.394;-7.65;45;0.07;0
4.404;-7.05;60;0.07;0
4.414;-6.45;60;0.07;0
4.424;-5.85;60;0.07;0
4.434;-5.25;60;0.07;0
4.443;-4.65;60;0.07;0
4.454;-3.9;75;0.07;0
4.464;-3.15;75;0.07;0
4.474;-2.55;60;0.07;0
4.484;-1.8;75;0.07;0
4.494;-1.05;75;0.07;0
4.504;-0.45;60;0.07;0
4.514;0.3;75;0.07;0
4.524;1.05;75;0.07;0
4.534;1.8;75;0.07;0
4.544;2.4;60;0.07;0
4.554;3.15;75;0.07;0
4.564;3.75;60;0.07;0
4.574;4.5;75;0.07;0
4.584;5.1;60;0.07;0
4.594;5.7;60;0.07;0
4.604;6.3;60;0.07;0
4.614;6.9;60;0.07;0
4.624;7.35;45;0.07;0
4.634;7.8;45;0.07;0
4.644;8.25;45;0.07;0
4.654;8.7;45;0.07;0
4.664;9.15;45;0.07;0
4.674;9.45;30;0.07;0
4.683;9.75;30;0.07;0
4.694;10.05;30;0.07;0
4.707;10.35;30;0.07;0
4.714;10.5;15;0.07;0
4.726;10.65;15;0.07;0
4.734;10.65;0;0.07;0
4.744;10.65;0;0.07;0
4.754;10.65;0;0.07;0
4.764;10.65;0;0.07;0
4.774;10.5;-15;0.07;0
4.784;10.35;-15;0.07;0
4.793;10.2;-15;0.07;0
4.804;9.9;-30;0.07;0
4.814;9.6;-30;0.07;0
4.824;9.3;-30;0.07;0
4.834;9;-30;0.07;0
4.844;8.7;-30;0.07;0
4.854;8.25;-45;0.07;0
4.864;7.8;-45;0.07;0
4.873;7.35;-45;0.07;0
4.884;6.75;-60;0.07;0
4.894;6.15;-60;0.07;0
4.904;5.55;-60;0.07;0
4.914;4.95;-60;0.07;0
4.924;4.35;-60;0.07;0
4.934;3.75;-60;0.07;0
4.944;3;-75;0.07;0
4.954;2.4;-60;0.07;0
4.964;1.65;-75;0.07;0
4.974;1.05;-60;0.07;0
4.984;0.3;-75;0.07;0
4.994;-0.3;-60;0.07;0
5.004;-1.05;-75;0.07;0
5.014;-1.8;-75;0.07;0
5.024;-2.4;-60;0.07;0
5.034;-3.15;-75;0.07;0
5.044;-3.75;-60;0.07;0
5.054;-4.35;-60;0.07;0
5.064;-4.95;-60;0.07;0
5.074;-5.55;-60;0.07;0
5.084;-6.15;-60;0.07;0
5.094;-6.75;-60;0.07;0
5.104;-7.2;-45;0.07;0
5.114;-7.65;-45;0.07;0
5.124;-8.1;-45;0.07;0
5.134;-8.55;-45;0.07;0
5.144;-9;-45;0.07;0
5.154;-9.3;-30;0.07;0
5.164;-9.6;-30;0.07;0
5.174;-9.9;-30;0.07;0
5.185;-10.2;-30;0.07;0
5.194;-10.35;-15;0.07;0
5.204;-10.5;-15;0.07;0
5.226;-10.5;0;0.07;0
5.227;-10.65;-15;0.07;0
5.234;-10.65;0;0.07;0
5.244;-10.5;15;0.07;0
5.257;-10.5;0;0.07;0
5.264;-10.35;15;0.07;0
5.274;-10.2;15;0.07;0
5.284;-10.05;15;0.07;0
5.294;-9.75;30;0.07;0
5.303;-9.45;30;0.07;0
5.314;-9.15;30;0.07;0
5.324;-8.7;45;0.07;0
5.334;-8.4;30;0.07;0
5.343;-7.95;45;0.07;0
5.354;-7.35;60;0.07;0
5.364;-6.9;45;0.07;0
5.374;-6.45;45;0.07;0
5.384;-5.85;60;0.07;0
5.394;-5.25;60;0.07;0
5.404;-4.65;60;0.07;0
5.414;-4.05;60;0.07;0
5.424;-3.45;60;0.07;0
5.433;-2.85;60;0.07;0
5.444;-2.1;75;0.07;0
5.454;-1.5;60;0.07;0
5.464;-0.75;75;0.07;0
5.474;-0.15;60;0.07;0
5.484;0.6;75;0.07;0
5.494;1.2;60;0.07;0
5.504;1.8;60;0.07;0
5.514;2.55;75;0.07;0
5.524;3.15;60;0.07;0
5.534;3.75;60;0.07;0
5.544;4.35;60;0.07;0
5.554;4.95;60;0.07;0
5.564;5.55;60;0.07;0
5.574;6;45;0.07;0
5.584;6.6;60;0.07;0
5.594;7.05;45;0.07;0
5.604;7.5;45;0.07;0
5.614;7.95;45;0.07;0
5.624;8.25;30;0.07;0
5.634;8.55;30;0.07;0
5.643;8.85;30;0.07;0
5.654;9.15;30;0.07;0
5.664;9.45;30;0.07;0
5.674;9.6;15;0.07;0
5.684;9.75;15;0.07;0
5.694;9.9;15;0.07;0
5.708;9.9;0;0.07;0
5.714;9.9;0;0.07;0
5.723;9.9;0;0.07;0
5.733;9.9;0;0.07;0
5.744;9.75;-15;0.07;0
5.754;9.6;-15;0.07;0
5.764;9.45;-15;0.07;0
5.774;9.15;-30;0.07;0
5.784;8.85;-30;0.07;0
5.793;8.7;-15;0.07;0
5.804;8.25;-45;0.07;0
5.814;7.95;-30;0.07;0
5.824;7.5;-45;0.07;0
5.834;7.05;-45;0.07;0
5.844;6.6;-45;0.07;0
5.854;6.15;-45;0.07;0
5.864;5.55;-60;0.07;0
5.874;4.95;-60;0.07;0
5.884;4.5;-45;0.07;0
5.894;3.9;-60;0.07;0
5.903;3.3;-60;0.07;0
5.914;2.55;-75;0.07;0
5.924;1.95;-60;0.07;0
5.934;1.35;-60;0.07;0
5.944;0.75;-60;0.07;0
5.954;0.15;-60;0.07;0
5.964;-0.6;-75;0.07;0
5.974;-1.2;-60;0.07;0
5.984;-1.8;-60;0.07;0
5.994;-2.4;-60;0.07;0
6.004;-3.15;-75;0.07;0
6.014;-3.75;-60;0.07;0
6.024;-4.35;-60;0.07;0
6.034;-4.8;-45;0.07;0
6.044;-5.4;-60;0.07;0
6.054;-6;-60;0.07;0
6.064;-6.45;-45;0.07;0
6.074;-6.9;-45;0.07;0
6.084;-7.35;-45;0.07;0
6.094;-7.8;-45;0.07;0
6.104;-8.1;-30;0.07;0
6.114;-8.55;-45;0.07;0
6.124;-8.85;-30;0.07;0
6.134;-9.15;-30;0.07;0
6.144;-9.3;-15;0.07;0
6.154;-9.45;-15;0.07;0
6.163;-9.6;-15;0.07;0
6.174;-9.75;-15;0.07;0
6.184;-9.9;-15;0.07;0
6.194;-9.9;0;0.07;0
6.204;-9.9;0;0.07;0
6.214;-9.75;15;0.07;0
6.231;-9.6;15;0.07;0
6.234;-9.6;0;0.07;0
6.244;-9.45;15;0.07;0
6.253;-9.3;15;0.07;0
6.264;-9;30;0.07;0
6.274;-8.7;30;0.07;0
6.284;-8.4;30;0.07;0
6.294;-8.1;30;0.07;0
6.303;-7.65;45;0.07;0
6.314;-7.2;45;0.07;0
6.324;-6.75;45;0.07;0
6.334;-6.3;45;0.07;0
6.344;-5.85;45;0.07;0
6.354;-5.25;60;0.07;0
6.364;-4.8;45;0.07;0
6.373;-4.2;60;0.07;0
6.384;-3.6;60;0.07;0
6.394;-3;60;0.07;0
6.404;-2.4;60;0.07;0
6.413;-1.8;60;0.07;0
6.424;-1.2;60;0.07;0
6.434;-0.6;60;0.07;0
6.444;0.15;75;0.07;0
6.454;0.75;60;0.07;0
6.464;1.35;60;0.07;0
6.474;1.95;60;0.07;0
6.484;2.55;60;0.07;0
6.494;3.15;60;0.07;0
6.504;3.6;45;0.07;0
6.514;4.2;60;0.07;0
6.524;4.8;60;0.07;0
6.534;5.25;45;0.07;0
6.544;5.7;45;0.07;0
6.554;6.3;60;0.07;0
6.564;6.75;45;0.07;0
6.574;7.05;30;0.07;0
6.584;7.5;45;0.07;0
6.594;7.8;30;0.07;0
6.604;8.1;30;0.07;0
6.614;8.4;30;0.07;0
6.623;8.55;15;0.07;0
6.634;8.85;30;0.07;0
6.643;9;15;0.07;0
6.654;9.15;15;0.07;0
6.664;9.15;0;0.07;0
6.675;9.3;15;0.07;0
6.684;9.3;0;0.07;0
6.693;9.3;0;0.07;0
6.704;9.15;-15;0.07;0
6.714;9;-15;0.07;0
6.724;8.85;-15;0.07;0
6.734;8.7;-15;0.07;0
6.744;8.4;-30;0.07;0
6.754;8.25;-15;0.07;0
6.764;7.8;-45;0.07;0
6.773;7.65;-15;0.07;0
6.784;7.2;-45;0.07;0
6.794;6.75;-45;0.07;0
6.804;6.45;-30;0.07;0
6.814;6;-45;0.07;0
6.824;5.4;-60;0.07;0
6.834;4.95;-45;0.07;0
6.844;4.5;-45;0.07;0
6.854;3.9;-60;0.07;0
6.864;3.3;-60;0.07;0
6.874;2.85;-45;0.07;0
6.884;2.25;-60;0.07;0
6.894;1.65;-60;0.07;0
6.904;1.05;-60;0.07;0
6.913;0.45;-60;0.07;0
6.924;-0.15;-60;0.07;0
6.934;-0.75;-60;0.07;0
6.944;-1.35;-60;0.07;0
6.954;-1.95;-60;0.07;0
6.963;-2.4;-45;0.07;0
6.974;-3.15;-75;0.07;0
6.984;-3.6;-45;0.07;0
6.994;-4.2;-60;0.07;0
7.004;-4.65;-45;0.07;0
7.013;-5.1;-45;0.07;0
7.024;-5.7;-60;0.07;0
7.034;-6.15;-45;0.07;0
7.044;-6.6;-45;0.07;0
7.054;-6.9;-30;0.07;0
7.064;-7.35;-45;0.07;0
7.074;-7.65;-30;0.07;0
7.084;-7.95;-30;0.07;0
7.094;-8.25;-30;0.07;0
7.104;-8.55;-30;0.07;0
7.114;-8.7;-15;0.07;0
7.124;-8.85;-15;0.07;0
7.133;-9;-15;0.07;0
7.144;-9.15;-15;0.07;0
7.154;-9.15;0;0.07;0
7.176;-9.15;0;0.07;0
7.177;-9.15;0;0.07;0
7.184;-9.15;0;0.07;0
7.194;-9;15;0.07;0
7.204;-8.85;15;0.07;0
7.214;-8.7;15;0.07;0
7.224;-8.55;15;0.07;0
7.234;-8.25;30;0.07;0
7.244;-7.95;30;0.07;0
7.254;-7.65;30;0.07;0
7.264;-7.35;30;0.07;0
7.273;-7.05;30;0.07;0
7.284;-6.6;45;0.07;0
7.294;-6.15;45;0.07;0
7.304;-5.7;45;0.07;0
7.313;-5.25;45;0.07;0
7.324;-4.65;60;0.07;0
7.334;-4.2;45;0.07;0
7.344;-3.75;45;0.07;0
7.354;-3.15;60;0.07;0
7.364;-2.55;60;0.07;0
7.374;-2.1;45;0.07;0
7.384;-1.5;60;0.07;0
7.394;-0.9;60;0.07;0
7.404;-0.3;60;0.07;0
7.414;0.3;60;0.07;0
7.424;0.9;60;0.07;0
7.434;1.35;45;0.07;0
7.444;1.95;60;0.07;0
7.454;2.55;60;0.07;0
7.464;3;45;0.07;0
7.474;3.6;60;0.07;0
7.484;4.05;45;0.07;0
7.494;4.65;60;0.07;0
7.504;5.1;45;0.07;0
7.514;5.55;45;0.07;0
7.524;5.85;30;0.07;0
7.534;6.3;45;0.07;0
7.544;6.75;45;0.07;0
7.554;7.05;30;0.07;0
7.564;7.35;30;0.07;0
7.574;7.65;30;0.07;0
7.584;7.8;15;0.07;0
7.594;8.1;30;0.07;0
7.604;8.25;15;0.07;0
7.613;8.25;0;0.07;0
7.624;8.4;15;0.07;0
7.634;8.55;15;0.07;0
7.646;8.55;0;0.07;0
7.654;8.55;0;0.07;0
7.667;8.4;-15;0.07;0
7.674;8.4;0;0.07;0
7.693;8.1;-30;0.07;0
7.694;8.1;0;0.07;0
7.706;7.95;-15;0.07;0
7.714;7.65;-30;0.07;0
7.724;7.5;-15;0.07;0
7.734;7.2;-30;0.07;0
7.744;6.9;-30;0.07;0
7.754;6.45;-45;0.07;0
7.764;6.15;-30;0.07;0
7.774;5.7;-45;0.07;0
7.784;5.25;-45;0.07;0
7.794;4.8;-45;0.07;0
7.804;4.35;-45;0.07;0
7.814;3.9;-45;0.07;0
7.824;3.45;-45;0.07;0
7.834;2.85;-60;0.07;0
7.844;2.4;-45;0.07;0
7.854;1.8;-60;0.07;0
7.864;1.35;-45;0.07;0
7.874;0.75;-60;0.07;0
7.884;0.15;-60;0.07;0
7.894;-0.3;-45;0.07;0
7.904;-0.9;-60;0.07;0
7.914;-1.5;-60;0.07;0
7.924;-1.95;-45;0.07;0
7.934;-2.55;-60;0.07;0
7.944;-3;-45;0.07;0
7.954;-3.6;-60;0.07;0
7.964;-4.05;-45;0.07;0
7.974;-4.5;-45;0.07;0
7.983;-4.95;-45;0.07;0
7.994;-5.4;-45;0.07;0
8.004;-5.85;-45;0.07;0
8.014;-6.15;-30;0.07;0
8.024;-6.6;-45;0.07;0
8.034;-6.9;-30;0.07;0
8.043;-7.2;-30;0.07;0
8.054;-7.5;-30;0.07;0
8.063;-7.65;-15;0.07;0
8.074;-7.95;-30;0.07;0
8.084;-8.1;-15;0.07;0
8.093;-8.25;-15;0.07;0
8.103;-8.4;-15;0.07;0
8.113;-8.4;0;0.07;0
8.124;-8.4;0;0.07;0
8.136;-8.4;0;0.07;0
8.144;-8.4;0;0.07;0
8.156;-8.4;0;0.07;0
8.164;-8.25;15;0.07;0
8.174;-8.1;15;0.07;0
8.184;-7.95;15;0.07;0
8.194;-7.8;15;0.07;0
8.204;-7.5;30;0.07;0
8.214;-7.2;30;0.07;0
8.224;-6.9;30;0.07;0
8.234;-6.6;30;0.07;0
8.244;-6.3;30;0.07;0
8.253;-6;30;0.07;0
8.264;-5.55;45;0.07;0
8.274;-5.1;45;0.07;0
8.284;-4.65;45;0.07;0
8.294;-4.2;45;0.07;0
8.304;-3.75;45;0.07;0
8.314;-3.15;60;0.07;0
8.324;-2.7;45;0.07;0
8.333;-2.25;45;0.07;0
8.344;-1.65;60;0.07;0
8.354;-1.2;45;0.07;0
8.364;-0.6;60;0.07;0
8.373;-0.15;45;0.07;0
8.384;0.45;60;0.07;0
8.394;0.9;45;0.07;0
8.404;1.5;60;0.07;0
8.414;1.95;45;0.07;0
8.423;2.4;45;0.07;0
8.434;3;60;0.07;0
8.444;3.45;45;0.07;0
8.454;3.9;45;0.07;0
8.464;4.35;45;0.07;0
8.474;4.8;45;0.07;0
8.484;5.25;45;0.07;0
8.494;5.55;30;0.07;0
8.504;5.85;30;0.07;0
8.514;6.3;45;0.07;0
8.524;6.6;30;0.07;0
8.534;6.75;15;0.07;0
8.544;7.05;30;0.07;0
8.564;7.5;45;0.07;0
8.565;7.5;0;0.07;0
8.574;7.65;15;0.07;0
8.583;7.65;0;0.07;0
8.594;7.8;15;0.07;0
8.604;7.8;0;0.07;0
8.616;7.8;0;0.07;0
8.624;7.8;0;0.07;0
8.64;7.65;-15;0.07;0
8.644;7.65;0;0.07;0
8.654;7.5;-15;0.07;0
8.672;7.2;-30;0.07;0
8.674;7.2;0;0.07;0
8.684;7.05;-15;0.07;0
8.694;6.75;-30;0.07;0
8.704;6.45;-30;0.07;0
8.714;6.15;-30;0.07;0
8.724;5.85;-30;0.07;0
8.734;5.4;-45;0.07;0
8.744;5.1;-30;0.07;0
8.754;4.65;-45;0.07;0
8.764;4.35;-30;0.07;0
8.774;3.9;-45;0.07;0
8.784;3.45;-45;0.07;0
8.794;3;-45;0.07;0
8.803;2.55;-45;0.07;0
8.814;1.95;-60;0.07;0
8.824;1.5;-45;0.07;0
8.834;1.05;-45;0.07;0
8.844;0.45;-60;0.07;0
8.854;0;-45;0.07;0
8.863;-0.45;-45;0.07;0
8.874;-1.05;-60;0.07;0
8.884;-1.5;-45;0.07;0
8.894;-2.1;-60;0.07;0
8.904;-2.55;-45;0.07;0
8.914;-3;-45;0.07;0
8.924;-3.45;-45;0.07;0
8.934;-3.9;-45;0.07;0
8.944;-4.35;-45;0.07;0
8.954;-4.8;-45;0.07;0
8.964;-5.1;-30;0.07;0
8.974;-5.55;-45;0.07;0
8.984;-5.85;-30;0.07;0
8.994;-6.15;-30;0.07;0
9.004;-6.45;-30;0.07;0
9.014;-6.75;-30;0.07;0
9.023;-6.9;-15;0.07;0
9.034;-7.2;-30;0.07;0
9.044;-7.35;-15;0.07;0
9.053;-7.5;-15;0.07;0
9.064;-7.65;-15;0.07;0
9.074;-7.65;0;0.07;0
9.084;-7.8;-15;0.07;0
9.094;-7.8;0;0.07;0
9.104;-7.8;0;0.07;0
9.114;-7.8;0;0.07;0
9.123;-7.65;15;0.07;0
9.134;-7.5;15;0.07;0
9.144;-7.35;15;0.07;0
9.153;-7.2;15;0.07;0
9.164;-7.05;15;0.07;0
9.174;-6.75;30;0.07;0
9.184;-6.6;15;0.07;0
9.194;-6.3;30;0.07;0
9.204;-6;30;0.07;0
9.214;-5.55;45;0.07;0
9.224;-5.25;30;0.07;0
9.234;-4.95;30;0.07;0
9.244;-4.5;45;0.07;0
9.254;-4.05;45;0.07;0
9.264;-3.75;30;0.07;0
9.274;-3.3;45;0.07;0
9.283;-2.85;45;0.07;0
9.294;-2.25;60;0.07;0
9.304;-1.8;45;0.07;0
9.314;-1.35;45;0.07;0
9.324;-0.9;45;0.07;0
9.334;-0.45;45;0.07;0
9.343;0;45;0.07;0
9.354;0.6;60;0.07;0
9.364;1.05;45;0.07;0
9.374;1.5;45;0.07;0
9.384;1.95;45;0.07;0
9.394;2.4;45;0.07;0
9.404;2.85;45;0.07;0
9.414;3.3;45;0.07;0
9.424;3.75;45;0.07;0
9.433;4.05;30;0.07;0
9.444;4.5;45;0.07;0
9.454;4.8;30;0.07;0
9.464;5.25;45;0.07;0
9.474;5.55;30;0.07;0
9.484;5.85;30;0.07;0
9.494;6;15;0.07;0
9.504;6.3;30;0.07;0
9.514;6.45;15;0.07;0
9.524;6.75;30;0.07;0
9.534;6.9;15;0.07;0
9.544;6.9;0;0.07;0
9.554;7.05;15;0.07;0
9.564;7.05;0;0.07;0
9.574;7.05;0;0.07;0
9.583;7.05;0;0.07;0
9.593;7.05;0;0.07;0
9.604;7.05;0;0.07;0
9.616;6.9;-15;0.07;0
9.624;6.75;-15;0.07;0
9.634;6.6;-15;0.07;0
9.644;6.45;-15;0.07;0
9.654;6.3;-15;0.07;0
9.664;6;-30;0.07;0
9.674;5.85;-15;0.07;0
9.683;5.55;-30;0.07;0
9.694;5.25;-30;0.07;0
9.704;4.8;-45;0.07;0
9.714;4.5;-30;0.07;0
9.724;4.2;-30;0.07;0
9.734;3.75;-45;0.07;0
9.744;3.3;-45;0.07;0
9.754;3;-30;0.07;0
9.764;2.55;-45;0.07;0
9.774;2.1;-45;0.07;0
9.784;1.65;-45;0.07;0
9.794;1.2;-45;0.07;0
9.803;0.75;-45;0.07;0
9.814;0.3;-45;0.07;0
9.824;-0.15;-45;0.07;0
9.834;-0.6;-45;0.07;0
9.844;-1.2;-60;0.07;0
9.854;-1.65;-45;0.07;0
9.864;-2.1;-45;0.07;0
9.874;-2.4;-30;0.07;0
9.884;-2.85;-45;0.07;0
9.894;-3.3;-45;0.07;0
9.904;-3.75;-45;0.07;0
9.914;-4.05;-30;0.07;0
9.924;-4.5;-45;0.07;0
9.934;-4.8;-30;0.07;0
9.944;-5.1;-30;0.07;0
9.953;-5.4;-30;0.07;0
9.964;-5.7;-30;0.07;0
9.974;-6;-30;0.07;0
9.984;-6.15;-15;0.07;0
9.994;-6.45;-30;0.07;0
10.003;-6.6;-15;0.07;0
10.014;-6.75;-15;0.07;0
10.024;-6.9;-15;0.07;0
10.033;-6.9;0;0.07;0
10.044;-7.05;-15;0.07;0
10.054;-7.05;0;0.07;0
10.064;-7.05;0;0.07;0
10.074;-7.05;0;0.07;0
10.084;-7.05;0;0.07;0
10.094;-6.9;15;0.07;0
10.105;-6.75;15;0.07;0
10.114;-6.75;0;0.07;0
10.123;-6.6;15;0.07;0
10.134;-6.3;30;0.07;0
10.144;-6.15;15;0.07;0
10.154;-5.85;30;0.07;0
10.164;-5.55;30;0.07;0
10.174;-5.25;30;0.07;0
10.184;-4.95;30;0.07;0
10.194;-4.65;30;0.07;0
10.204;-4.35;30;0.07;0
10.214;-3.9;45;0.07;0
10.224;-3.6;30;0.07;0
10.234;-3.15;45;0.07;0
10.244;-2.85;30;0.07;0
10.254;-2.4;45;0.07;0
10.264;-1.95;45;0.07;0
10.274;-1.5;45;0.07;0
10.284;-1.05;45;0.07;0
10.294;-0.6;45;0.07;0
10.304;-0.15;45;0.07;0
10.314;0.3;45;0.07;0
10.324;0.6;30;0.07;0
10.334;1.05;45;0.07;0
10.344;1.5;45;0.07;0
10.354;1.95;45;0.07;0
10.364;2.4;45;0.07;0
10.374;2.7;30;0.07;0
10.383;3.15;45;0.07;0
10.394;3.45;30;0.07;0
10.404;3.9;45;0.07;0
10.414;4.2;30;0.07;0
10.423;4.5;30;0.07;0
10.434;4.8;30;0.07;0
10.444;5.1;30;0.07;0
10.454;5.4;30;0.07;0
10.464;5.55;15;0.07;0
10.474;5.7;15;0.07;0
10.484;6;30;0.07;0
10.494;6.15;15;0.07;0
10.503;6.15;0;0.07;0
10.513;6.3;15;0.07;0
10.523;6.45;15;0.07;0
10.533;6.45;0;0.07;0
10.544;6.45;0;0.07;0
10.554;6.45;0;0.07;0
10.564;6.45;0;0.07;0
10.574;6.3;-15;0.07;0
10.586;6.15;-15;0.07;0
10.594;6.15;0;0.07;0
10.604;6;-15;0.07;0
10.614;5.7;-30;0.07;0
10.624;5.55;-15;0.07;0
10.634;5.4;-15;0.07;0
10.644;5.1;-30;0.07;0
10.653;4.95;-15;0.07;0
10.663;4.65;-30;0.07;0
10.674;4.2;-45;0.07;0
10.683;3.9;-30;0.07;0
10.694;3.6;-30;0.07;0
10.704;3.3;-30;0.07;0
10.714;2.85;-45;0.07;0
10.724;2.55;-30;0.07;0
10.734;2.1;-45;0.07;0
10.743;1.8;-30;0.07;0
10.754;1.35;-45;0.07;0
10.764;0.9;-45;0.07;0
10.774;0.45;-45;0.07;0
10.784;0;-45;0.07;0
10.794;-0.3;-30;0.07;0
10.804;-0.75;-45;0.07;0
10.814;-1.2;-45;0.07;0
10.824;-1.65;-45;0.07;0
10.834;-1.95;-30;0.07;0
10.843;-2.4;-45;0.07;0
10.854;-2.7;-30;0.07;0
10.864;-3.15;-45;0.07;0
10.874;-3.45;-30;0.07;0
10.884;-3.75;-30;0.07;0
10.894;-4.2;-45;0.07;0
10.904;-4.5;-30;0.07;0
10.913;-4.65;-15;0.07;0
10.924;-4.95;-30;0.07;0
10.934;-5.25;-30;0.07;0
10.943;-5.4;-15;0.07;0
10.954;-5.7;-30;0.07;0
10.964;-5.85;-15;0.07;0
10.974;-6;-15;0.07;0
10.984;-6.15;-15;0.07;0
10.993;-6.15;0;0.07;0
11.004;-6.3;-15;0.07;0
11.014;-6.3;0;0.07;0
11.024;-6.3;0;0.07;0
11.063;-6.15;15;0.07;0
11.064;-6.15;0;0.07;0
11.065;-6.15;0;0.07;0
11.066;-6.15;0;0.07;0
11.074;-6.15;0;0.07;0
11.083;-6;15;0.07;0
11.094;-5.85;15;0.07;0
11.104;-5.55;30;0.07;0
11.114;-5.4;15;0.07;0
11.123;-5.25;15;0.07;0
11.134;-4.95;30;0.07;0
11.144;-4.65;30;0.07;0
11.154;-4.35;30;0.07;0
11.164;-4.05;30;0.07;0
11.174;-3.75;30;0.07;0
11.184;-3.45;30;0.07;0
11.194;-3.15;30;0.07;0
11.204;-2.7;45;0.07;0
11.214;-2.4;30;0.07;0
11.223;-2.1;30;0.07;0
11.234;-1.65;45;0.07;0
11.244;-1.2;45;0.07;0
11.253;-0.9;30;0.07;0
11.264;-0.45;45;0.07;0
11.274;0;45;0.07;0
11.284;0.3;30;0.07;0
11.294;0.75;45;0.07;0
11.304;1.05;30;0.07;0
11.314;1.5;45;0.07;0
11.324;1.8;30;0.07;0
11.334;2.25;45;0.07;0
11.344;2.55;30;0.07;0
11.354;2.85;30;0.07;0
11.364;3.3;45;0.07;0
11.373;3.6;30;0.07;0
11.384;3.9;30;0.07;0
11.394;4.2;30;0.07;0
11.404;4.35;15;0.07;0
11.414;4.65;30;0.07;0
11.423;4.8;15;0.07;0
11.434;5.1;30;0.07;0
11.444;5.25;15;0.07;0
11.453;5.4;15;0.07;0
11.463;5.4;0;0.07;0
11.474;5.55;15;0.07;0
11.484;5.7;15;0.07;0
11.493;5.7;0;0.07;0
11.504;5.7;0;0.07;0
11.514;5.7;0;0.07;0
11.524;5.7;0;0.07;0
11.534;5.7;0;0.07;0
11.544;5.55;-15;0.07;0
11.556;5.55;0;0.07;0
11.564;5.4;-15;0.07;0
11.574;5.25;-15;0.07;0
11.584;5.1;-15;0.07;0
11.594;4.95;-15;0.07;0
11.604;4.65;-30;0.07;0
11.614;4.5;-15;0.07;0
11.624;4.2;-30;0.07;0
11.634;3.9;-30;0.07;0
11.644;3.75;-15;0.07;0
11.654;3.45;-30;0.07;0
11.664;3.15;-30;0.07;0
11.674;2.7;-45;0.07;0
11.684;2.4;-30;0.07;0
11.694;2.1;-30;0.07;0
11.704;1.8;-30;0.07;0
11.714;1.35;-45;0.07;0
11.724;1.05;-30;0.07;0
11.734;0.6;-45;0.07;0
11.744;0.3;-30;0.07;0
11.754;-0.15;-45;0.07;0
11.764;-0.45;-30;0.07;0
11.774;-0.9;-45;0.07;0
11.784;-1.2;-30;0.07;0
11.794;-1.5;-30;0.07;0
11.804;-1.95;-45;0.07;0
11.814;-2.25;-30;0.07;0
11.824;-2.55;-30;0.07;0
11.833;-2.85;-30;0.07;0
11.844;-3.3;-45;0.07;0
11.854;-3.6;-30;0.07;0
11.864;-3.75;-15;0.07;0
11.874;-4.05;-30;0.07;0
11.884;-4.35;-30;0.07;0
11.894;-4.5;-15;0.07;0
11.904;-4.8;-30;0.07;0
11.914;-4.95;-15;0.07;0
11.929;-5.25;-30;0.07;0
11.934;-5.25;0;0.07;0
11.952;-5.55;-30;0.07;0
11.954;-5.55;0;0.07;0
11.964;-5.55;0;0.07;0
11.974;-5.7;-15;0.07;0
11.984;-5.7;0;0.07;0
11.993;-5.7;0;0.07;0
12.004;-5.7;0;0.07;0
12.014;-5.7;0;0.07;0
12.024;-5.55;15;0.07;0
12.051;-5.25;30;0.07;0
12.052;-5.25;0;0.07;0
12.054;-5.25;0;0.07;0
12.064;-5.1;15;0.07;0
12.073;-4.95;15;0.07;0
12.084;-4.8;15;0.07;0
12.094;-4.5;30;0.07;0
12.104;-4.35;15;0.07;0
12.114;-4.05;30;0.07;0
12.124;-3.75;30;0.07;0
12.136;-3.45;30;0.07;0
12.144;-3.3;15;0.07;0
12.154;-3;30;0.07;0
12.164;-2.7;30;0.07;0
12.173;-2.4;30;0.07;0
12.184;-1.95;45;0.07;0
12.194;-1.65;30;0.07;0
12.204;-1.35;30;0.07;0
12.213;-1.05;30;0.07;0
12.224;-0.6;45;0.07;0
12.234;-0.3;30;0.07;0
12.244;0;30;0.07;0
12.253;0.45;45;0.07;0
12.264;0.75;30;0.07;0
12.274;1.05;30;0.07;0
12.284;1.35;30;0.07;0
12.294;1.8;45;0.07;0
12.304;2.1;30;0.07;0
12.314;2.4;30;0.07;0
12.324;2.7;30;0.07;0
12.334;3;30;0.07;0
12.344;3.15;15;0.07;0
12.354;3.45;30;0.07;0
12.364;3.75;30;0.07;0
12.374;3.9;15;0.07;0
12.383;4.05;15;0.07;0
12.393;4.35;30;0.07;0
12.404;4.5;15;0.07;0
12.414;4.65;15;0.07;0
12.423;4.8;15;0.07;0
12.434;4.8;0;0.07;0
12.444;4.95;15;0.07;0
12.464;5.1;15;0.07;0
12.465;5.1;0;0.07;0
12.474;5.1;0;0.07;0
12.484;5.1;0;0.07;0
12.493;5.1;0;0.07;0
12.504;4.95;-15;0.07;0
12.514;4.95;0;0.07;0
12.524;4.8;-15;0.07;0
12.554;4.35;-45;0.07;0
12.555;4.35;0;0.07;0
12.556;4.35;0;0.07;0
12.564;4.2;-15;0.07;0
12.574;4.05;-15;0.07;0
12.584;3.9;-15;0.07;0
12.594;3.6;-30;0.07;0
12.603;3.45;-15;0.07;0
12.614;3.15;-30;0.07;0
12.624;2.85;-30;0.07;0
12.633;2.7;-15;0.07;0
12.644;2.25;-45;0.07;0
12.653;2.1;-15;0.07;0
12.664;1.65;-45;0.07;0
12.673;1.5;-15;0.07;0
12.684;1.05;-45;0.07;0
12.694;0.75;-30;0.07;0
12.704;0.45;-30;0.07;0
12.714;0.15;-30;0.07;0
12.724;-0.15;-30;0.07;0
12.734;-0.6;-45;0.07;0
12.745;-0.9;-30;0.07;0
12.754;-1.2;-30;0.07;0
12.764;-1.5;-30;0.07;0
12.774;-1.8;-30;0.07;0
12.784;-2.1;-30;0.07;0
12.794;-2.4;-30;0.07;0
12.804;-2.7;-30;0.07;0
12.814;-3;-30;0.07;0
12.824;-3.15;-15;0.07;0
12.834;-3.45;-30;0.07;0
12.844;-3.6;-15;0.07;0
12.854;-3.9;-30;0.07;0
12.864;-4.05;-15;0.07;0
12.874;-4.2;-15;0.07;0
12.883;-4.35;-15;0.07;0
12.894;-4.5;-15;0.07;0
12.904;-4.65;-15;0.07;0
12.914;-4.8;-15;0.07;0
12.924;-4.8;0;0.07;0
12.933;-4.95;-15;0.07;0
12.944;-4.95;0;0.07;0
12.956;-4.95;0;0.07;0
12.964;-4.95;0;0.07;0
12.974;-4.95;0;0.07;0
12.984;-4.95;0;0.07;0
12.995;-4.8;15;0.07;0
13.004;-4.8;0;0.07;0
13.019;-4.65;15;0.07;0
13.024;-4.5;15;0.07;0
13.033;-4.5;0;0.07;0
13.044;-4.35;15;0.07;0
13.054;-4.05;30;0.07;0
13.063;-3.9;15;0.07;0
13.074;-3.75;15;0.07;0
13.084;-3.45;30;0.07;0
13.094;-3.3;15;0.07;0
13.104;-3;30;0.07;0
13.114;-2.7;30;0.07;0
13.124;-2.55;15;0.07;0
13.134;-2.25;30;0.07;0
13.144;-1.95;30;0.07;0
13.154;-1.65;30;0.07;0
13.164;-1.35;30;0.07;0
13.174;-1.05;30;0.07;0
13.184;-0.75;30;0.07;0
13.194;-0.45;30;0.07;0
13.204;-0.15;30;0.07;0
13.214;0.15;30;0.07;0
13.224;0.45;30;0.07;0
13.234;0.75;30;0.07;0
13.244;1.05;30;0.07;0
13.254;1.35;30;0.07;0
13.264;1.65;30;0.07;0
13.274;1.8;15;0.07;0
13.284;2.1;30;0.07;0
13.294;2.4;30;0.07;0
13.304;2.7;30;0.07;0
13.313;2.85;15;0.07;0
13.323;3;15;0.07;0
13.334;3.3;30;0.07;0
13.343;3.45;15;0.07;0
13.354;3.6;15;0.07;0
13.364;3.75;15;0.07;0
13.379;4.05;30;0.07;0
13.384;4.05;0;0.07;0
13.394;4.2;15;0.07;0
13.404;4.2;0;0.07;0
13.414;4.35;15;0.07;0
13.423;4.35;0;0.07;0
13.434;4.35;0;0.07;0
13.444;4.35;0;0.07;0
13.454;4.35;0;0.07;0
13.464;4.35;0;0.07;0
13.474;4.2;-15;0.07;0
13.483;4.2;0;0.07;0
13.494;4.05;-15;0.07;0
13.503;4.05;0;0.07;0
13.514;3.9;-15;0.07;0
13.523;3.75;-15;0.07;0
13.533;3.6;-15;0.07;0
13.544;3.45;-15;0.07;0
13.553;3.3;-15;0.07;0
13.564;3;-30;0.07;0
13.574;2.85;-15;0.07;0
13.583;2.55;-30;0.07;0
13.594;2.4;-15;0.07;0
13.604;2.1;-30;0.07;0
13.614;1.95;-15;0.07;0
13.624;1.65;-30;0.07;0
13.634;1.35;-30;0.07;0
13.644;1.05;-30;0.07;0
13.654;0.75;-30;0.07;0
13.664;0.6;-15;0.07;0
13.674;0.3;-30;0.07;0
13.684;0;-30;0.07;0
13.694;-0.3;-30;0.07;0
13.704;-0.6;-30;0.07;0
13.713;-0.9;-30;0.07;0
13.724;-1.2;-30;0.07;0
13.734;-1.35;-15;0.07;0
13.744;-1.65;-30;0.07;0
13.754;-1.95;-30;0.07;0
13.764;-2.1;-15;0.07;0
13.774;-2.4;-30;0.07;0
13.793;-2.85;-45;0.07;0
13.794;-2.85;0;0.07;0
13.806;-3.15;-30;0.07;0
13.814;-3.3;-15;0.07;0
13.824;-3.45;-15;0.07;0
13.834;-3.6;-15;0.07;0
13.844;-3.75;-15;0.07;0
13.854;-3.9;-15;0.07;0
13.864;-3.9;0;0.07;0
13.874;-4.05;-15;0.07;0
13.906;-4.2;-15;0.07;0
13.907;-4.2;0;0.07;0
13.926;-4.35;-15;0.07;0
13.927;-4.35;0;0.07;0
13.928;-4.35;0;0.07;0
13.934;-4.35;0;0.07;0
13.944;-4.35;0;0.07;0
13.954;-4.2;15;0.07;0
13.971;-4.05;15;0.07;0
13.974;-4.05;0;0.07;0
13.984;-4.05;0;0.07;0
13.994;-3.9;15;0.07;0
14.004;-3.75;15;0.07;0
14.014;-3.6;15;0.07;0
14.024;-3.45;15;0.07;0
14.033;-3.3;15;0.07;0
14.044;-3.15;15;0.07;0
14.054;-3;15;0.07;0
14.064;-2.7;30;0.07;0
14.074;-2.55;15;0.07;0
14.083;-2.4;15;0.07;0
14.093;-2.1;30;0.07;0
14.104;-1.8;30;0.07;0
14.113;-1.65;15;0.07;0
14.124;-1.35;30;0.07;0
14.134;-1.05;30;0.07;0
14.144;-0.9;15;0.07;0
14.154;-0.6;30;0.07;0
14.164;-0.3;30;0.07;0
14.174;-0.15;15;0.07;0
14.184;0.15;30;0.07;0
14.194;0.45;30;0.07;0
14.204;0.75;30;0.07;0
14.214;0.9;15;0.07;0
14.224;1.2;30;0.07;0
14.233;1.35;15;0.07;0
14.244;1.65;30;0.07;0
14.253;1.8;15;0.07;0
14.264;2.1;30;0.07;0
14.273;2.25;15;0.07;0
14.284;2.4;15;0.07;0
14.294;2.7;30;0.07;0
14.304;2.85;15;0.07;0
14.314;3;15;0.07;0
14.323;3.15;15;0.07;0
14.333;3.15;0;0.07;0
14.344;3.3;15;0.07;0
14.354;3.45;15;0.07;0
14.364;3.45;0;0.07;0
14.373;3.6;15;0.07;0
14.384;3.6;0;0.07;0
14.394;3.6;0;0.07;0
14.404;3.6;0;0.07;0
14.413;3.6;0;0.07;0
14.423;3.6;0;0.07;0
14.434;3.6;0;0.07;0
14.444;3.6;0;0.07;0
14.454;3.45;-15;0.07;0
14.47;3.3;-15;0.07;0
14.474;3.3;0;0.07;0
14.484;3.15;-15;0.07;0
14.494;3.15;0;0.07;0
14.504;3;-15;0.07;0
14.514;2.85;-15;0.07;0
14.535;2.4;-45;0.07;0
14.536;2.4;0;0.07;0
14.544;2.25;-15;0.07;0
14.554;2.1;-15;0.07;0
14.563;1.95;-15;0.07;0
14.574;1.65;-30;0.07;0
14.584;1.5;-15;0.07;0
14.594;1.2;-30;0.07;0
14.604;1.05;-15;0.07;0
14.614;0.9;-15;0.07;0
14.624;0.6;-30;0.07;0
14.633;0.45;-15;0.07;0
14.644;0.15;-30;0.07;0
14.654;-0.15;-30;0.07;0
14.663;-0.3;-15;0.07;0
14.674;-0.6;-30;0.07;0
14.683;-0.75;-15;0.07;0
14.694;-1.05;-30;0.07;0
14.704;-1.2;-15;0.07;0
14.714;-1.5;-30;0.07;0
14.724;-1.65;-15;0.07;0
14.734;-1.95;-30;0.07;0
14.743;-2.1;-15;0.07;0
14.754;-2.25;-15;0.07;0
14.764;-2.4;-15;0.07;0
14.774;-2.55;-15;0.07;0
14.783;-2.7;-15;0.07;0
14.794;-2.85;-15;0.07;0
14.804;-3;-15;0.07;0
14.813;-3.15;-15;0.07;0
14.824;-3.3;-15;0.07;0
14.833;-3.3;0;0.07;0
14.844;-3.45;-15;0.07;0
14.854;-3.45;0;0.07;0
14.873;-3.6;-15;0.07;0
14.874;-3.6;0;0.07;0
14.947;-3.3;30;0.07;0
14.948;-3.3;0;0.07;0
14.977;-3;30;0.07;0
14.978;-3;0;0.07;0
14.979;-3;0;0.07;0
14.981;-3;0;0.07;0
14.982;-3;0;0.07;0
14.983;-3;0;0.07;0
14.984;-3;0;0.07;0
14.986;-3;0;0.07;0
14.996;-2.85;15;0.07;0
14.997;-2.85;0;0.07;0
15.004;-2.7;15;0.07;0
15.013;-2.55;15;0.07;0
15.024;-2.4;15;0.07;0
15.033;-2.25;15;0.07;0
15.044;-2.1;15;0.07;0
15.054;-1.8;30;0.07;0
15.064;-1.65;15;0.07;0
15.073;-1.5;15;0.07;0
15.084;-1.35;15;0.07;0
15.094;-1.05;30;0.07;0
15.104;-0.9;15;0.07;0
15.113;-0.75;15;0.07;0
15.124;-0.45;30;0.07;0
15.134;-0.3;15;0.07;0
15.144;0;30;0.07;0
15.154;0.15;15;0.07;0
15.164;0.45;30;0.07;0
15.174;0.6;15;0.07;0
15.184;0.75;15;0.07;0
15.194;1.05;30;0.07;0
15.204;1.2;15;0.07;0
15.214;1.35;15;0.07;0
15.224;1.5;15;0.07;0
15.233;1.65;15;0.07;0
15.244;1.8;15;0.07;0
15.253;1.95;15;0.07;0
15.264;2.1;15;0.07;0
15.274;2.25;15;0.07;0
15.284;2.4;15;0.07;0
15.294;2.55;15;0.07;0
15.303;2.55;0;0.07;0
15.314;2.7;15;0.07;0
15.323;2.7;0;0.07;0
15.334;2.85;15;0.07;0
15.372;3;15;0.07;0
15.373;3;0;0.07;0
15.374;3;0;0.07;0
15.393;2.85;-15;0.07;0
15.394;2.85;0;0.07;0
15.395;2.85;0;0.07;0
15.404;2.85;0;0.07;0
15.414;2.85;0;0.07;0
15.424;2.85;0;0.07;0
15.433;2.7;-15;0.07;0
15.444;2.55;-15;0.07;0
15.453;2.55;0;0.07;0
15.464;2.4;-15;0.07;0
15.486;2.1;-30;0.07;0
15.487;2.1;0;0.07;0
15.494;2.1;0;0.07;0
15.504;1.95;-15;0.07;0
15.514;1.8;-15;0.07;0
15.527;1.5;-30;0.07;0
15.534;1.5;0;0.07;0
15.545;1.2;-30;0.07;0
15.554;1.05;-15;0.07;0
15.564;0.9;-15;0.07;0
15.574;0.75;-15;0.07;0
15.583;0.6;-15;0.07;0
15.593;0.45;-15;0.07;0
15.604;0.15;-30;0.07;0
15.614;0;-15;0.07;0
15.624;-0.15;-15;0.07;0
15.644;-0.6;-45;0.07;0
15.645;-0.6;0;0.07;0
15.654;-0.75;-15;0.07;0
15.664;-0.9;-15;0.07;0
15.674;-1.05;-15;0.07;0
15.684;-1.2;-15;0.07;0
15.693;-1.35;-15;0.07;0
15.704;-1.5;-15;0.07;0
15.713;-1.65;-15;0.07;0
15.724;-1.8;-15;0.07;0
15.734;-1.95;-15;0.07;0
15.749;-2.25;-30;0.07;0
15.754;-2.25;0;0.07;0
15.764;-2.4;-15;0.07;0
15.773;-2.4;0;0.07;0
15.784;-2.55;-15;0.07;0
15.816;-2.7;-15;0.07;0
15.817;-2.7;0;0.07;0
15.836;-2.85;-15;0.07;0
15.837;-2.85;0;0.07;0
15.921;-2.55;30;0.07;0
15.922;-2.55;0;0.07;0
15.946;-2.4;15;0.07;0
15.947;-2.4;0;0.07;0
15.955;-2.25;15;0.07;0
15.956;-2.25;0;0.07;0
15.969;-2.1;15;0.07;0
15.97;-2.1;0;0.07;0
15.971;-2.1;0;0.07;0
15.972;-2.1;0;0.07;0
15.987;-1.95;15;0.07;0
15.988;-1.95;0;0.07;0
15.989;-1.95;0;0.07;0
15.99;-1.95;0;0.07;0
15.991;-1.95;0;0.07;0
15.994;-1.8;15;0.07;0
15.995;-1.8;0;0.07;0
16.004;-1.65;15;0.07;0
16.013;-1.65;0;0.07;0
16.024;-1.35;30;0.07;0
16.033;-1.35;0;0.07;0
16.044;-1.2;15;0.07;0
16.055;-0.9;30;0.07;0
16.064;-0.75;15;0.07;0
16.073;-0.6;15;0.07;0
16.084;-0.45;15;0.07;0
16.094;-0.3;15;0.07;0
16.104;-0.15;15;0.07;0
16.114;0;15;0.07;0
16.13;0.3;30;0.07;0
16.134;0.3;0;0.07;0
16.143;0.45;15;0.07;0
16.154;0.6;15;0.07;0
16.164;0.75;15;0.07;0
16.173;0.9;15;0.07;0
16.184;1.05;15;0.07;0
16.194;1.2;15;0.07;0
16.204;1.35;15;0.07;0
16.226;1.65;30;0.07;0
16.228;1.65;0;0.07;0
16.234;1.65;0;0.07;0
16.244;1.8;15;0.07;0
16.253;1.8;0;0.07;0
16.264;1.95;15;0.07;0
16.276;1.95;0;0.07;0
16.284;2.1;15;0.07;0
16.293;2.1;0;0.07;0
16.304;2.1;0;0.07;0
16.314;2.1;0;0.07;0
16.324;2.25;15;0.07;0
16.336;2.25;0;0.07;0
16.344;2.25;0;0.07;0
16.354;2.25;0;0.07;0
16.364;2.1;-15;0.07;0
16.373;2.1;0;0.07;0
16.384;2.1;0;0.07;0
16.394;2.1;0;0.07;0
16.404;1.95;-15;0.07;0
16.426;1.8;-15;0.07;0
16.427;1.8;0;0.07;0
16.434;1.8;0;0.07;0
16.444;1.65;-15;0.07;0
16.455;1.5;-15;0.07;0
16.464;1.5;0;0.07;0
16.474;1.35;-15;0.07;0
16.484;1.2;-15;0.07;0
16.494;1.05;-15;0.07;0
16.504;1.05;0;0.07;0
16.518;0.75;-30;0.07;0
16.524;0.75;0;0.07;0
16.534;0.6;-15;0.07;0
16.544;0.45;-15;0.07;0
16.554;0.3;-15;0.07;0
16.564;0.15;-15;0.07;0
16.574;0;-15;0.07;0
16.583;0;0;0.07;0
16.594;-0.15;-15;0.07;0
16.604;-0.3;-15;0.07;0
16.614;-0.45;-15;0.07;0
16.624;-0.6;-15;0.07;0
16.634;-0.75;-15;0.07;0
16.644;-0.9;-15;0.07;0
16.654;-1.05;-15;0.07;0
16.666;-1.2;-15;0.07;0
16.674;-1.2;0;0.07;0
16.695;-1.5;-30;0.07;0
16.696;-1.5;0;0.07;0
16.704;-1.5;0;0.07;0
16.714;-1.65;-15;0.07;0
16.723;-1.65;0;0.07;0
16.734;-1.8;-15;0.07;0
16.746;-1.8;0;0.07;0
16.754;-1.95;-15;0.07;0
16.766;-1.95;0;0.07;0
16.774;-1.95;0;0.07;0
16.784;-2.1;-15;0.07;0
16.793;-2.1;0;0.07;0
16.804;-2.1;0;0.07;0
16.814;-2.1;0;0.07;0
16.824;-2.1;0;0.07;0
16.834;-2.1;0;0.07;0
16.844;-2.1;0;0.07;0
16.854;-2.1;0;0.07;0
16.864;-1.95;15;0.07;0
16.886;-1.95;0;0.07;0
16.887;-1.95;0;0.07;0
16.894;-1.8;15;0.07;0
16.903;-1.8;0;0.07;0
16.914;-1.8;0;0.07;0
16.924;-1.65;15;0.07;0
16.95;-1.35;30;0.07;0
16.951;-1.35;0;0.07;0
16.967;-1.2;15;0.07;0
16.968;-1.2;0;0.07;0
16.986;-1.05;15;0.07;0
16.987;-1.05;0;0.07;0
16.994;-1.05;0;0.07;0
17.01;-0.75;30;0.07;0
17.014;-0.75;0;0.07;0
17.024;-0.6;15;0.07;0
17.034;-0.6;0;0.07;0
17.044;-0.45;15;0.07;0
17.054;-0.3;15;0.07;0
17.064;-0.15;15;0.07;0
17.074;-0.15;0;0.07;0
17.087;0;15;0.07;0
17.094;0.15;15;0.07;0
17.103;0.15;0;0.07;0
17.114;0.3;15;0.07;0
17.124;0.45;15;0.07;0
17.135;0.6;15;0.07;0
17.144;0.6;0;0.07;0
17.154;0.75;15;0.07;0
17.164;0.75;0;0.07;0
17.173;0.9;15;0.07;0
17.183;0.9;0;0.07;0
17.194;1.05;15;0.07;0
17.204;1.05;0;0.07;0
17.214;1.2;15;0.07;0
17.223;1.2;0;0.07;0
17.234;1.2;0;0.07;0
17.244;1.35;15;0.07;0
17.256;1.35;0;0.07;0
17.264;1.35;0;0.07;0
17.274;1.35;0;0.07;0
17.284;1.35;0;0.07;0
17.294;1.35;0;0.07;0
17.304;1.35;0;0.07;0
17.318;1.35;0;0.07;0
17.324;1.35;0;0.07;0
17.333;1.35;0;0.07;0
17.343;1.35;0;0.07;0
17.353;1.35;0;0.07;0
17.364;1.2;-15;0.07;0
17.391;1.05;-15;0.07;0
17.392;1.05;0;0.07;0
17.394;1.05;0;0.07;0
17.404;1.05;0;0.07;0
17.414;0.9;-15;0.07;0
17.424;0.9;0;0.07;0
17.434;0.9;0;0.07;0
17.444;0.75;-15;0.07;0
17.454;0.6;-15;0.07;0
17.473;0.45;-15;0.07;0
17.474;0.45;0;0.07;0
17.484;0.45;0;0.07;0
17.494;0.3;-15;0.07;0
17.506;0.15;-15;0.07;0
17.524;0;-15;0.07;0
17.525;0;0;0.07;0
17.542;-0.15;-15;0.07;0
17.544;-0.15;0;0.07;0
17.557;-0.15;0;0.07;0
17.564;-0.3;-15;0.07;0
17.577;-0.3;0;0.07;0
17.584;-0.45;-15;0.07;0
17.594;-0.45;0;0.07;0
17.603;-0.6;-15;0.07;0
17.613;-0.6;0;0.07;0
17.624;-0.75;-15;0.07;0
17.634;-0.75;0;0.07;0
17.644;-0.9;-15;0.07;0
17.653;-0.9;0;0.07;0
17.664;-0.9;0;0.07;0
17.674;-1.05;-15;0.07;0
17.683;-1.05;0;0.07;0
17.694;-1.05;0;0.07;0
17.704;-1.05;0;0.07;0
17.714;-1.2;-15;0.07;0
17.726;-1.2;0;0.07;0
17.734;-1.2;0;0.07;0
17.744;-1.2;0;0.07;0
17.754;-1.2;0;0.07;0
17.764;-1.2;0;0.07;0
17.774;-1.2;0;0.07;0
17.784;-1.2;0;0.07;0
17.794;-1.2;0;0.07;0
17.804;-1.2;0;0.07;0
17.814;-1.2;0;0.07;0
17.824;-1.2;0;0.07;0
17.834;-1.05;15;0.07;0
17.856;-1.05;0;0.07;0
17.857;-1.05;0;0.07;0
17.866;-1.05;0;0.07;0
17.874;-0.9;15;0.07;0
17.884;-0.9;0;0.07;0
17.896;-0.75;15;0.07;0
17.904;-0.75;0;0.07;0
17.914;-0.75;0;0.07;0
17.924;-0.6;15;0.07;0
17.934;-0.6;0;0.07;0
17.943;-0.6;0;0.07;0
17.953;-0.45;15;0.07;0
17.964;-0.45;0;0.07;0
17.974;-0.3;15;0.07;0
17.984;-0.3;0;0.07;0
17.994;-0.15;15;0.07;0
18.006;-0.15;0;0.07;0
18.014;-0.15;0;0.07;0
18.024;0;15;0.07;0
18.034;0;0;0.07;0
18.044;0.15;15;0.07;0
18.054;0.15;0;0.07;0
18.064;0.15;0;0.07;0
18.074;0.3;15;0.07;0
18.098;0.3;0;0.07;0
18.099;0.3;0;0.07;0
18.105;0.45;15;0.07;0
18.113;0.45;0;0.07;0
18.124;0.45;0;0.07;0
18.134;0.45;0;0.07;0
18.144;0.45;0;0.07;0
18.154;0.45;0;0.07;0
18.164;0.45;0;0.07;0
18.176;0.6;15;0.07;0
18.184;0.6;0;0.07;0
18.194;0.6;0;0.07;0
18.204;0.6;0;0.07;0
18.214;0.6;0;0.07;0
18.224;0.6;0;0.07;0
18.234;0.6;0;0.07;0
18.244;0.45;-15;0.07;0
18.258;0.45;0;0.07;0
18.264;0.45;0;0.07;0
18.288;0.45;0;0.07;0
18.289;0.45;0;0.07;0
18.294;0.45;0;0.07;0
18.304;0.3;-15;0.07;0
18.328;0.3;0;0.07;0
18.329;0.3;0;0.07;0
18.338;0.3;0;0.07;0
18.344;0.15;-15;0.07;0
18.358;0.15;0;0.07;0
18.364;0.15;0;0.07;0
18.374;0;-15;0.07;0
18.384;0;0;0.07;0
18.394;0;0;0.07;0
18.403;0;0;0.07;0
18.414;-0.15;-15;0.07;0
18.424;-0.15;0;0.07;0
18.434;-0.15;0;0.07;0
18.443;-0.3;-15;0.07;0
18.453;-0.3;0;0.07;0
18.463;-0.3;0;0.07;0
18.474;-0.3;0;0.07;0
18.484;-0.45;-15;0.07;0
18.494;-0.45;0;0.07;0
18.504;-0.45;0;0.07;0
18.514;-0.45;0;0.07;0
18.524;-0.45;0;0.07;0
18.534;-0.6;-15;0.07;0
18.544;-0.6;0;0.07;0
18.554;-0.6;0;0.07;0
18.564;-0.6;0;0.07;0
18.574;-0.6;0;0.07;0
18.584;-0.6;0;0.07;0
18.594;-0.6;0;0.07;0
18.604;-0.6;0;0.07;0
18.614;-0.6;0;0.07;0
18.624;-0.6;0;0.07;0
18.634;-0.6;0;0.07;0
18.644;-0.6;0;0.07;0
18.654;-0.45;15;0.07;0
18.664;-0.45;0;0.07;0
18.674;-0.45;0;0.07;0
18.684;-0.45;0;0.07;0
18.694;-0.45;0;0.07;0
18.704;-0.45;0;0.07;0
18.714;-0.3;15;0.07;0
18.724;-0.3;0;0.07;0
18.734;-0.3;0;0.07;0
18.744;-0.3;0;0.07;0
18.754;-0.15;15;0.07;0
18.764;-0.15;0;0.07;0
18.774;-0.15;0;0.07;0
18.784;-0.15;0;0.07;0
18.794;-0.15;0;0.07;0
18.804;0;15;0.07;0
18.814;0;0;0.07;0
18.826;0;0;0.07;0
18.834;0;0;0.07;0
18.844;0;0;0.07;0
18.876;0.15;15;0.07;0
18.877;0.15;0;0.07;0
18.886;0.15;0;0.07;0
18.887;0.15;0;0.07;0
18.896;0.15;0;0.07;0
18.904;0.15;0;0.07;0
18.914;0.15;0;0.07;0
18.924;0.15;0;0.07;0
18.934;0.15;0;0.07;0
18.944;0.15;0;0.07;0
18.954;0.15;0;0.07;0
18.964;0.15;0;0.07;0
18.974;0.15;0;0.07;0
18.984;0.15;0;0.07;0
18.994;0.15;0;0.07;0
19.004;0.15;0;0.07;0
19.014;0.15;0;0.07;0
19.024;0.15;0;0.07;0
19.034;0.15;0;0.07;0
19.044;0.15;0;0.07;0
19.054;0;-15;0.07;0
19.064;0;0;0.07;0
19.074;0;0;0.07;0
19.086;0;0;0.07;0
19.094;0;0;0.07;0
19.104;0;0;0.07;0
19.114;-0.15;-15;0.07;0
19.124;-0.15;0;0.07;0
19.437;-0.15;0;0.07;0
19.438;-0.15;0;0.07;0
19.439;-0.15;0;0.07;0
19.547;0;15;0.07;0
19.548;0;0;0.07;0
19.55;0;0;0.07;0
19.551;0;0;0.07;0
19.552;0;0;0.07;0
19.553;0;0;0.07;0
19.554;0;0;0.07;0
19.564;0;0;0.07;0
19.565;0;0;0.07;0
19.769;-0.15;-15;0.07;0
19.77;-0.15;0;0.07;0
19.771;-0.15;0;0.07;0
